image_name,split,source_task,manual_task,video_name,frame_idx,time_sec,class_name,n_boxes,image_path,label_path
seed_easy_frame_000015.jpg,val,01_easy_spark_plume,easy_spark_plume,test-sparks-easy.mp4,15,0.25025,welding_arc,1,data\ml_core\images\val\seed_easy_frame_000015.jpg,data\ml_core\labels\val\seed_easy_frame_000015.txt
seed_easy_frame_000018.jpg,train,01_easy_spark_plume,easy_spark_plume,test-sparks-easy.mp4,18,0.3003,welding_arc,1,data\ml_core\images\train\seed_easy_frame_000018.jpg,data\ml_core\labels\train\seed_easy_frame_000018.txt
seed_easy_frame_000019.jpg,train,01_easy_spark_plume,easy_spark_plume,test-sparks-easy.mp4,19,0.316983,welding_arc,1,data\ml_core\images\train\seed_easy_frame_000019.jpg,data\ml_core\labels\train\seed_easy_frame_000019.txt
seed_easy_frame_000025.jpg,train,01_easy_spark_plume,easy_spark_plume,test-sparks-easy.mp4,25,0.417083,welding_arc,1,data\ml_core\images\train\seed_easy_frame_000025.jpg,data\ml_core\labels\train\seed_easy_frame_000025.txt
seed_easy_frame_000029.jpg,train,01_easy_spark_plume,easy_spark_plume,test-sparks-easy.mp4,29,0.483817,welding_arc,1,data\ml_core\images\train\seed_easy_frame_000029.jpg,data\ml_core\labels\train\seed_easy_frame_000029.txt
seed_easy_frame_000036.jpg,val,01_easy_spark_plume,easy_spark_plume,test-sparks-easy.mp4,36,0.6006,welding_arc,1,data\ml_core\images\val\seed_easy_frame_000036.jpg,data\ml_core\labels\val\seed_easy_frame_000036.txt
seed_easy_frame_000055.jpg,train,01_easy_spark_plume,easy_spark_plume,test-sparks-easy.mp4,55,0.917583,welding_arc,1,data\ml_core\images\train\seed_easy_frame_000055.jpg,data\ml_core\labels\train\seed_easy_frame_000055.txt
seed_easy_frame_000076.jpg,train,01_easy_spark_plume,easy_spark_plume,test-sparks-easy.mp4,76,1.267933,welding_arc,1,data\ml_core\images\train\seed_easy_frame_000076.jpg,data\ml_core\labels\train\seed_easy_frame_000076.txt
seed_easy_frame_000090.jpg,train,01_easy_spark_plume,easy_spark_plume,test-sparks-easy.mp4,90,1.5015,welding_arc,1,data\ml_core\images\train\seed_easy_frame_000090.jpg,data\ml_core\labels\train\seed_easy_frame_000090.txt
seed_easy_frame_000108.jpg,train,01_easy_spark_plume,easy_spark_plume,test-sparks-easy.mp4,108,1.8018,welding_arc,1,data\ml_core\images\train\seed_easy_frame_000108.jpg,data\ml_core\labels\train\seed_easy_frame_000108.txt
seed_easy_frame_000117.jpg,val,01_easy_spark_plume,easy_spark_plume,test-sparks-easy.mp4,117,1.95195,welding_arc,1,data\ml_core\images\val\seed_easy_frame_000117.jpg,data\ml_core\labels\val\seed_easy_frame_000117.txt
seed_easy_frame_000171.jpg,train,01_easy_spark_plume,easy_spark_plume,test-sparks-easy.mp4,171,2.85285,welding_arc,1,data\ml_core\images\train\seed_easy_frame_000171.jpg,data\ml_core\labels\train\seed_easy_frame_000171.txt
seed_easy_frame_000177.jpg,train,01_easy_spark_plume,easy_spark_plume,test-sparks-easy.mp4,177,2.95295,welding_arc,1,data\ml_core\images\train\seed_easy_frame_000177.jpg,data\ml_core\labels\train\seed_easy_frame_000177.txt
seed_easy_frame_000196.jpg,train,01_easy_spark_plume,easy_spark_plume,test-sparks-easy.mp4,196,3.269933,welding_arc,1,data\ml_core\images\train\seed_easy_frame_000196.jpg,data\ml_core\labels\train\seed_easy_frame_000196.txt
seed_easy_frame_000199.jpg,train,01_easy_spark_plume,easy_spark_plume,test-sparks-easy.mp4,199,3.319983,welding_arc,1,data\ml_core\images\train\seed_easy_frame_000199.jpg,data\ml_core\labels\train\seed_easy_frame_000199.txt
seed_easy_frame_000211.jpg,val,01_easy_spark_plume,easy_spark_plume,test-sparks-easy.mp4,211,3.520183,welding_arc,1,data\ml_core\images\val\seed_easy_frame_000211.jpg,data\ml_core\labels\val\seed_easy_frame_000211.txt
seed_easy_frame_000217.jpg,train,01_easy_spark_plume,easy_spark_plume,test-sparks-easy.mp4,217,3.620283,welding_arc,1,data\ml_core\images\train\seed_easy_frame_000217.jpg,data\ml_core\labels\train\seed_easy_frame_000217.txt
seed_easy_frame_000220.jpg,train,01_easy_spark_plume,easy_spark_plume,test-sparks-easy.mp4,220,3.670333,welding_arc,1,data\ml_core\images\train\seed_easy_frame_000220.jpg,data\ml_core\labels\train\seed_easy_frame_000220.txt
seed_easy_frame_000224.jpg,train,01_easy_spark_plume,easy_spark_plume,test-sparks-easy.mp4,224,3.737067,welding_arc,1,data\ml_core\images\train\seed_easy_frame_000224.jpg,data\ml_core\labels\train\seed_easy_frame_000224.txt
seed_easy_frame_000227.jpg,train,01_easy_spark_plume,easy_spark_plume,test-sparks-easy.mp4,227,3.787117,welding_arc,1,data\ml_core\images\train\seed_easy_frame_000227.jpg,data\ml_core\labels\train\seed_easy_frame_000227.txt
seed_easy_frame_000243.jpg,val,01_easy_spark_plume,easy_spark_plume,test-sparks-easy.mp4,243,4.05405,welding_arc,1,data\ml_core\images\val\seed_easy_frame_000243.jpg,data\ml_core\labels\val\seed_easy_frame_000243.txt
seed_easy_frame_000247.jpg,train,01_easy_spark_plume,easy_spark_plume,test-sparks-easy.mp4,247,4.120783,welding_arc,1,data\ml_core\images\train\seed_easy_frame_000247.jpg,data\ml_core\labels\train\seed_easy_frame_000247.txt
seed_easy_frame_000248.jpg,train,01_easy_spark_plume,easy_spark_plume,test-sparks-easy.mp4,248,4.137467,welding_arc,1,data\ml_core\images\train\seed_easy_frame_000248.jpg,data\ml_core\labels\train\seed_easy_frame_000248.txt
seed_easy_frame_000252.jpg,train,01_easy_spark_plume,easy_spark_plume,test-sparks-easy.mp4,252,4.2042,welding_arc,1,data\ml_core\images\train\seed_easy_frame_000252.jpg,data\ml_core\labels\train\seed_easy_frame_000252.txt
seed_easy_frame_000263.jpg,train,01_easy_spark_plume,easy_spark_plume,test-sparks-easy.mp4,263,4.387717,welding_arc,1,data\ml_core\images\train\seed_easy_frame_000263.jpg,data\ml_core\labels\train\seed_easy_frame_000263.txt
seed_easy_frame_000264.jpg,val,01_easy_spark_plume,easy_spark_plume,test-sparks-easy.mp4,264,4.4044,welding_arc,1,data\ml_core\images\val\seed_easy_frame_000264.jpg,data\ml_core\labels\val\seed_easy_frame_000264.txt
seed_easy_frame_000268.jpg,train,01_easy_spark_plume,easy_spark_plume,test-sparks-easy.mp4,268,4.471133,welding_arc,1,data\ml_core\images\train\seed_easy_frame_000268.jpg,data\ml_core\labels\train\seed_easy_frame_000268.txt
seed_easy_frame_000283.jpg,train,01_easy_spark_plume,easy_spark_plume,test-sparks-easy.mp4,283,4.721383,welding_arc,1,data\ml_core\images\train\seed_easy_frame_000283.jpg,data\ml_core\labels\train\seed_easy_frame_000283.txt
seed_easy_frame_000285.jpg,train,01_easy_spark_plume,easy_spark_plume,test-sparks-easy.mp4,285,4.75475,welding_arc,1,data\ml_core\images\train\seed_easy_frame_000285.jpg,data\ml_core\labels\train\seed_easy_frame_000285.txt
seed_easy_frame_000291.jpg,train,01_easy_spark_plume,easy_spark_plume,test-sparks-easy.mp4,291,4.85485,welding_arc,1,data\ml_core\images\train\seed_easy_frame_000291.jpg,data\ml_core\labels\train\seed_easy_frame_000291.txt
seed_easy_frame_000298.jpg,val,01_easy_spark_plume,easy_spark_plume,test-sparks-easy.mp4,298,4.971633,welding_arc,1,data\ml_core\images\val\seed_easy_frame_000298.jpg,data\ml_core\labels\val\seed_easy_frame_000298.txt
seed_easy_frame_000299.jpg,train,01_easy_spark_plume,easy_spark_plume,test-sparks-easy.mp4,299,4.988317,welding_arc,2,data\ml_core\images\train\seed_easy_frame_000299.jpg,data\ml_core\labels\train\seed_easy_frame_000299.txt
seed_easy_frame_000304.jpg,train,01_easy_spark_plume,easy_spark_plume,test-sparks-easy.mp4,304,5.071733,welding_arc,2,data\ml_core\images\train\seed_easy_frame_000304.jpg,data\ml_core\labels\train\seed_easy_frame_000304.txt
seed_easy_frame_000312.jpg,train,01_easy_spark_plume,easy_spark_plume,test-sparks-easy.mp4,312,5.2052,welding_arc,1,data\ml_core\images\train\seed_easy_frame_000312.jpg,data\ml_core\labels\train\seed_easy_frame_000312.txt
seed_easy_frame_000318.jpg,train,01_easy_spark_plume,easy_spark_plume,test-sparks-easy.mp4,318,5.3053,welding_arc,1,data\ml_core\images\train\seed_easy_frame_000318.jpg,data\ml_core\labels\train\seed_easy_frame_000318.txt
seed_easy_frame_000327.jpg,val,01_easy_spark_plume,easy_spark_plume,test-sparks-easy.mp4,327,5.45545,welding_arc,1,data\ml_core\images\val\seed_easy_frame_000327.jpg,data\ml_core\labels\val\seed_easy_frame_000327.txt
seed_easy_frame_000340.jpg,train,01_easy_spark_plume,easy_spark_plume,test-sparks-easy.mp4,340,5.672333,welding_arc,1,data\ml_core\images\train\seed_easy_frame_000340.jpg,data\ml_core\labels\train\seed_easy_frame_000340.txt
seed_easy_frame_000348.jpg,train,01_easy_spark_plume,easy_spark_plume,test-sparks-easy.mp4,348,5.8058,welding_arc,1,data\ml_core\images\train\seed_easy_frame_000348.jpg,data\ml_core\labels\train\seed_easy_frame_000348.txt
seed_easy_frame_000374.jpg,train,01_easy_spark_plume,easy_spark_plume,test-sparks-easy.mp4,374,6.239567,welding_arc,1,data\ml_core\images\train\seed_easy_frame_000374.jpg,data\ml_core\labels\train\seed_easy_frame_000374.txt
seed_easy_frame_000377.jpg,train,01_easy_spark_plume,easy_spark_plume,test-sparks-easy.mp4,377,6.289617,welding_arc,2,data\ml_core\images\train\seed_easy_frame_000377.jpg,data\ml_core\labels\train\seed_easy_frame_000377.txt
seed_easy_frame_000387.jpg,val,01_easy_spark_plume,easy_spark_plume,test-sparks-easy.mp4,387,6.45645,welding_arc,1,data\ml_core\images\val\seed_easy_frame_000387.jpg,data\ml_core\labels\val\seed_easy_frame_000387.txt
seed_easy_frame_000400.jpg,train,01_easy_spark_plume,easy_spark_plume,test-sparks-easy.mp4,400,6.673333,welding_arc,1,data\ml_core\images\train\seed_easy_frame_000400.jpg,data\ml_core\labels\train\seed_easy_frame_000400.txt
seed_easy_frame_000404.jpg,train,01_easy_spark_plume,easy_spark_plume,test-sparks-easy.mp4,404,6.740067,welding_arc,1,data\ml_core\images\train\seed_easy_frame_000404.jpg,data\ml_core\labels\train\seed_easy_frame_000404.txt
seed_easy_frame_000407.jpg,train,01_easy_spark_plume,easy_spark_plume,test-sparks-easy.mp4,407,6.790117,welding_arc,1,data\ml_core\images\train\seed_easy_frame_000407.jpg,data\ml_core\labels\train\seed_easy_frame_000407.txt
seed_easy_frame_000414.jpg,train,01_easy_spark_plume,easy_spark_plume,test-sparks-easy.mp4,414,6.9069,welding_arc,1,data\ml_core\images\train\seed_easy_frame_000414.jpg,data\ml_core\labels\train\seed_easy_frame_000414.txt
seed_easy_frame_000415.jpg,val,01_easy_spark_plume,easy_spark_plume,test-sparks-easy.mp4,415,6.923583,welding_arc,1,data\ml_core\images\val\seed_easy_frame_000415.jpg,data\ml_core\labels\val\seed_easy_frame_000415.txt
seed_easy_frame_000418.jpg,train,01_easy_spark_plume,easy_spark_plume,test-sparks-easy.mp4,418,6.973633,welding_arc,1,data\ml_core\images\train\seed_easy_frame_000418.jpg,data\ml_core\labels\train\seed_easy_frame_000418.txt
seed_easy_frame_000438.jpg,train,01_easy_spark_plume,easy_spark_plume,test-sparks-easy.mp4,438,7.3073,welding_arc,1,data\ml_core\images\train\seed_easy_frame_000438.jpg,data\ml_core\labels\train\seed_easy_frame_000438.txt
seed_easy_frame_000439.jpg,train,01_easy_spark_plume,easy_spark_plume,test-sparks-easy.mp4,439,7.323983,welding_arc,1,data\ml_core\images\train\seed_easy_frame_000439.jpg,data\ml_core\labels\train\seed_easy_frame_000439.txt
seed_easy_frame_000455.jpg,train,01_easy_spark_plume,easy_spark_plume,test-sparks-easy.mp4,455,7.590917,welding_arc,1,data\ml_core\images\train\seed_easy_frame_000455.jpg,data\ml_core\labels\train\seed_easy_frame_000455.txt
seed_easy_frame_000460.jpg,val,01_easy_spark_plume,easy_spark_plume,test-sparks-easy.mp4,460,7.674333,welding_arc,1,data\ml_core\images\val\seed_easy_frame_000460.jpg,data\ml_core\labels\val\seed_easy_frame_000460.txt
seed_easy_frame_000462.jpg,train,01_easy_spark_plume,easy_spark_plume,test-sparks-easy.mp4,462,7.7077,welding_arc,1,data\ml_core\images\train\seed_easy_frame_000462.jpg,data\ml_core\labels\train\seed_easy_frame_000462.txt
seed_easy_frame_000476.jpg,train,01_easy_spark_plume,easy_spark_plume,test-sparks-easy.mp4,476,7.941267,welding_arc,1,data\ml_core\images\train\seed_easy_frame_000476.jpg,data\ml_core\labels\train\seed_easy_frame_000476.txt
seed_easy_frame_000542.jpg,train,01_easy_spark_plume,easy_spark_plume,test-sparks-easy.mp4,542,9.042367,welding_arc,1,data\ml_core\images\train\seed_easy_frame_000542.jpg,data\ml_core\labels\train\seed_easy_frame_000542.txt
seed_easy_frame_000548.jpg,val,01_easy_spark_plume,easy_spark_plume,test-sparks-easy.mp4,548,9.142467,welding_arc,1,data\ml_core\images\val\seed_easy_frame_000548.jpg,data\ml_core\labels\val\seed_easy_frame_000548.txt
seed_easy_frame_000563.jpg,train,01_easy_spark_plume,easy_spark_plume,test-sparks-easy.mp4,563,9.392717,welding_arc,1,data\ml_core\images\train\seed_easy_frame_000563.jpg,data\ml_core\labels\train\seed_easy_frame_000563.txt
seed_easy_frame_000564.jpg,train,01_easy_spark_plume,easy_spark_plume,test-sparks-easy.mp4,564,9.4094,welding_arc,1,data\ml_core\images\train\seed_easy_frame_000564.jpg,data\ml_core\labels\train\seed_easy_frame_000564.txt
seed_easy_frame_000567.jpg,train,01_easy_spark_plume,easy_spark_plume,test-sparks-easy.mp4,567,9.45945,welding_arc,1,data\ml_core\images\train\seed_easy_frame_000567.jpg,data\ml_core\labels\train\seed_easy_frame_000567.txt
seed_easy_frame_000576.jpg,train,01_easy_spark_plume,easy_spark_plume,test-sparks-easy.mp4,576,9.6096,welding_arc,1,data\ml_core\images\train\seed_easy_frame_000576.jpg,data\ml_core\labels\train\seed_easy_frame_000576.txt
seed_easy_frame_000590.jpg,val,01_easy_spark_plume,easy_spark_plume,test-sparks-easy.mp4,590,9.843167,welding_arc,1,data\ml_core\images\val\seed_easy_frame_000590.jpg,data\ml_core\labels\val\seed_easy_frame_000590.txt
seed_easy_frame_000600.jpg,train,01_easy_spark_plume,easy_spark_plume,test-sparks-easy.mp4,600,10.01,welding_arc,1,data\ml_core\images\train\seed_easy_frame_000600.jpg,data\ml_core\labels\train\seed_easy_frame_000600.txt
seed_easy_frame_000609.jpg,train,01_easy_spark_plume,easy_spark_plume,test-sparks-easy.mp4,609,10.16015,welding_arc,1,data\ml_core\images\train\seed_easy_frame_000609.jpg,data\ml_core\labels\train\seed_easy_frame_000609.txt
seed_easy_frame_000618.jpg,train,01_easy_spark_plume,easy_spark_plume,test-sparks-easy.mp4,618,10.3103,welding_arc,1,data\ml_core\images\train\seed_easy_frame_000618.jpg,data\ml_core\labels\train\seed_easy_frame_000618.txt
seed_easy_frame_000620.jpg,train,01_easy_spark_plume,easy_spark_plume,test-sparks-easy.mp4,620,10.343667,welding_arc,1,data\ml_core\images\train\seed_easy_frame_000620.jpg,data\ml_core\labels\train\seed_easy_frame_000620.txt
seed_easy_frame_000630.jpg,val,01_easy_spark_plume,easy_spark_plume,test-sparks-easy.mp4,630,10.5105,welding_arc,1,data\ml_core\images\val\seed_easy_frame_000630.jpg,data\ml_core\labels\val\seed_easy_frame_000630.txt
seed_easy_frame_000635.jpg,train,01_easy_spark_plume,easy_spark_plume,test-sparks-easy.mp4,635,10.593917,welding_arc,1,data\ml_core\images\train\seed_easy_frame_000635.jpg,data\ml_core\labels\train\seed_easy_frame_000635.txt
seed_easy_frame_000641.jpg,train,01_easy_spark_plume,easy_spark_plume,test-sparks-easy.mp4,641,10.694017,welding_arc,1,data\ml_core\images\train\seed_easy_frame_000641.jpg,data\ml_core\labels\train\seed_easy_frame_000641.txt
seed_easy_frame_000703.jpg,val,01_easy_spark_plume,easy_spark_plume,test-sparks-easy.mp4,703,11.728383,welding_arc,1,data\ml_core\images\val\seed_easy_frame_000703.jpg,data\ml_core\labels\val\seed_easy_frame_000703.txt
seed_easy_frame_000712.jpg,train,01_easy_spark_plume,easy_spark_plume,test-sparks-easy.mp4,712,11.878533,welding_arc,1,data\ml_core\images\train\seed_easy_frame_000712.jpg,data\ml_core\labels\train\seed_easy_frame_000712.txt
seed_easy_frame_000713.jpg,train,01_easy_spark_plume,easy_spark_plume,test-sparks-easy.mp4,713,11.895217,welding_arc,1,data\ml_core\images\train\seed_easy_frame_000713.jpg,data\ml_core\labels\train\seed_easy_frame_000713.txt
seed_easy_frame_000725.jpg,train,01_easy_spark_plume,easy_spark_plume,test-sparks-easy.mp4,725,12.095417,welding_arc,1,data\ml_core\images\train\seed_easy_frame_000725.jpg,data\ml_core\labels\train\seed_easy_frame_000725.txt
seed_easy_frame_000744.jpg,train,01_easy_spark_plume,easy_spark_plume,test-sparks-easy.mp4,744,12.4124,welding_arc,1,data\ml_core\images\train\seed_easy_frame_000744.jpg,data\ml_core\labels\train\seed_easy_frame_000744.txt
seed_easy_frame_000746.jpg,val,01_easy_spark_plume,easy_spark_plume,test-sparks-easy.mp4,746,12.445767,welding_arc,1,data\ml_core\images\val\seed_easy_frame_000746.jpg,data\ml_core\labels\val\seed_easy_frame_000746.txt
seed_easy_frame_000748.jpg,train,01_easy_spark_plume,easy_spark_plume,test-sparks-easy.mp4,748,12.479133,welding_arc,1,data\ml_core\images\train\seed_easy_frame_000748.jpg,data\ml_core\labels\train\seed_easy_frame_000748.txt
seed_easy_frame_000754.jpg,train,01_easy_spark_plume,easy_spark_plume,test-sparks-easy.mp4,754,12.579233,welding_arc,1,data\ml_core\images\train\seed_easy_frame_000754.jpg,data\ml_core\labels\train\seed_easy_frame_000754.txt
seed_easy_frame_000758.jpg,train,01_easy_spark_plume,easy_spark_plume,test-sparks-easy.mp4,758,12.645967,welding_arc,1,data\ml_core\images\train\seed_easy_frame_000758.jpg,data\ml_core\labels\train\seed_easy_frame_000758.txt
seed_easy_frame_000785.jpg,train,01_easy_spark_plume,easy_spark_plume,test-sparks-easy.mp4,785,13.096417,welding_arc,1,data\ml_core\images\train\seed_easy_frame_000785.jpg,data\ml_core\labels\train\seed_easy_frame_000785.txt
seed_easy_frame_000795.jpg,train,01_easy_spark_plume,easy_spark_plume,test-sparks-easy.mp4,795,13.26325,welding_arc,1,data\ml_core\images\train\seed_easy_frame_000795.jpg,data\ml_core\labels\train\seed_easy_frame_000795.txt
seed_easy_frame_000796.jpg,train,01_easy_spark_plume,easy_spark_plume,test-sparks-easy.mp4,796,13.279933,welding_arc,1,data\ml_core\images\train\seed_easy_frame_000796.jpg,data\ml_core\labels\train\seed_easy_frame_000796.txt
seed_easy_frame_000799.jpg,train,01_easy_spark_plume,easy_spark_plume,test-sparks-easy.mp4,799,13.329983,welding_arc,1,data\ml_core\images\train\seed_easy_frame_000799.jpg,data\ml_core\labels\train\seed_easy_frame_000799.txt
seed_easy_frame_000842.jpg,val,01_easy_spark_plume,easy_spark_plume,test-sparks-easy.mp4,842,14.047367,welding_arc,1,data\ml_core\images\val\seed_easy_frame_000842.jpg,data\ml_core\labels\val\seed_easy_frame_000842.txt
seed_easy_frame_000849.jpg,train,01_easy_spark_plume,easy_spark_plume,test-sparks-easy.mp4,849,14.16415,welding_arc,1,data\ml_core\images\train\seed_easy_frame_000849.jpg,data\ml_core\labels\train\seed_easy_frame_000849.txt
seed_easy_frame_000855.jpg,train,01_easy_spark_plume,easy_spark_plume,test-sparks-easy.mp4,855,14.26425,welding_arc,1,data\ml_core\images\train\seed_easy_frame_000855.jpg,data\ml_core\labels\train\seed_easy_frame_000855.txt
seed_easy_frame_000857.jpg,train,01_easy_spark_plume,easy_spark_plume,test-sparks-easy.mp4,857,14.297617,welding_arc,1,data\ml_core\images\train\seed_easy_frame_000857.jpg,data\ml_core\labels\train\seed_easy_frame_000857.txt
seed_easy_frame_000860.jpg,val,01_easy_spark_plume,easy_spark_plume,test-sparks-easy.mp4,860,14.347667,welding_arc,1,data\ml_core\images\val\seed_easy_frame_000860.jpg,data\ml_core\labels\val\seed_easy_frame_000860.txt
seed_easy_frame_000867.jpg,train,01_easy_spark_plume,easy_spark_plume,test-sparks-easy.mp4,867,14.46445,welding_arc,1,data\ml_core\images\train\seed_easy_frame_000867.jpg,data\ml_core\labels\train\seed_easy_frame_000867.txt
seed_easy_frame_000868.jpg,train,01_easy_spark_plume,easy_spark_plume,test-sparks-easy.mp4,868,14.481133,welding_arc,1,data\ml_core\images\train\seed_easy_frame_000868.jpg,data\ml_core\labels\train\seed_easy_frame_000868.txt
seed_easy_frame_000876.jpg,train,01_easy_spark_plume,easy_spark_plume,test-sparks-easy.mp4,876,14.6146,welding_arc,1,data\ml_core\images\train\seed_easy_frame_000876.jpg,data\ml_core\labels\train\seed_easy_frame_000876.txt
seed_easy_frame_000903.jpg,val,01_easy_spark_plume,easy_spark_plume,test-sparks-easy.mp4,903,15.06505,welding_arc,1,data\ml_core\images\val\seed_easy_frame_000903.jpg,data\ml_core\labels\val\seed_easy_frame_000903.txt
seed_easy_frame_000910.jpg,train,01_easy_spark_plume,easy_spark_plume,test-sparks-easy.mp4,910,15.181833,welding_arc,1,data\ml_core\images\train\seed_easy_frame_000910.jpg,data\ml_core\labels\train\seed_easy_frame_000910.txt
seed_easy_frame_000913.jpg,train,01_easy_spark_plume,easy_spark_plume,test-sparks-easy.mp4,913,15.231883,welding_arc,1,data\ml_core\images\train\seed_easy_frame_000913.jpg,data\ml_core\labels\train\seed_easy_frame_000913.txt
seed_easy_frame_000914.jpg,train,01_easy_spark_plume,easy_spark_plume,test-sparks-easy.mp4,914,15.248567,welding_arc,1,data\ml_core\images\train\seed_easy_frame_000914.jpg,data\ml_core\labels\train\seed_easy_frame_000914.txt
seed_easy_frame_000916.jpg,train,01_easy_spark_plume,easy_spark_plume,test-sparks-easy.mp4,916,15.281933,welding_arc,1,data\ml_core\images\train\seed_easy_frame_000916.jpg,data\ml_core\labels\train\seed_easy_frame_000916.txt
seed_easy_frame_000921.jpg,val,01_easy_spark_plume,easy_spark_plume,test-sparks-easy.mp4,921,15.36535,welding_arc,1,data\ml_core\images\val\seed_easy_frame_000921.jpg,data\ml_core\labels\val\seed_easy_frame_000921.txt
seed_easy_frame_000923.jpg,train,01_easy_spark_plume,easy_spark_plume,test-sparks-easy.mp4,923,15.398717,welding_arc,1,data\ml_core\images\train\seed_easy_frame_000923.jpg,data\ml_core\labels\train\seed_easy_frame_000923.txt
seed_easy_frame_000927.jpg,train,01_easy_spark_plume,easy_spark_plume,test-sparks-easy.mp4,927,15.46545,welding_arc,1,data\ml_core\images\train\seed_easy_frame_000927.jpg,data\ml_core\labels\train\seed_easy_frame_000927.txt
seed_easy_frame_000937.jpg,train,01_easy_spark_plume,easy_spark_plume,test-sparks-easy.mp4,937,15.632283,welding_arc,1,data\ml_core\images\train\seed_easy_frame_000937.jpg,data\ml_core\labels\train\seed_easy_frame_000937.txt
seed_easy_frame_000938.jpg,train,01_easy_spark_plume,easy_spark_plume,test-sparks-easy.mp4,938,15.648967,welding_arc,1,data\ml_core\images\train\seed_easy_frame_000938.jpg,data\ml_core\labels\train\seed_easy_frame_000938.txt
seed_easy_frame_000941.jpg,val,01_easy_spark_plume,easy_spark_plume,test-sparks-easy.mp4,941,15.699017,welding_arc,1,data\ml_core\images\val\seed_easy_frame_000941.jpg,data\ml_core\labels\val\seed_easy_frame_000941.txt
seed_easy_frame_000992.jpg,train,01_easy_spark_plume,easy_spark_plume,test-sparks-easy.mp4,992,16.549867,welding_arc,1,data\ml_core\images\train\seed_easy_frame_000992.jpg,data\ml_core\labels\train\seed_easy_frame_000992.txt
seed_easy_frame_000996.jpg,train,01_easy_spark_plume,easy_spark_plume,test-sparks-easy.mp4,996,16.6166,welding_arc,1,data\ml_core\images\train\seed_easy_frame_000996.jpg,data\ml_core\labels\train\seed_easy_frame_000996.txt
seed_easy_frame_001002.jpg,train,01_easy_spark_plume,easy_spark_plume,test-sparks-easy.mp4,1002,16.7167,welding_arc,1,data\ml_core\images\train\seed_easy_frame_001002.jpg,data\ml_core\labels\train\seed_easy_frame_001002.txt
seed_easy_frame_001003.jpg,train,01_easy_spark_plume,easy_spark_plume,test-sparks-easy.mp4,1003,16.733383,welding_arc,1,data\ml_core\images\train\seed_easy_frame_001003.jpg,data\ml_core\labels\train\seed_easy_frame_001003.txt
seed_easy_frame_001008.jpg,val,01_easy_spark_plume,easy_spark_plume,test-sparks-easy.mp4,1008,16.8168,welding_arc,1,data\ml_core\images\val\seed_easy_frame_001008.jpg,data\ml_core\labels\val\seed_easy_frame_001008.txt
seed_easy_frame_001014.jpg,train,01_easy_spark_plume,easy_spark_plume,test-sparks-easy.mp4,1014,16.9169,welding_arc,1,data\ml_core\images\train\seed_easy_frame_001014.jpg,data\ml_core\labels\train\seed_easy_frame_001014.txt
seed_easy_frame_001028.jpg,train,01_easy_spark_plume,easy_spark_plume,test-sparks-easy.mp4,1028,17.150467,welding_arc,1,data\ml_core\images\train\seed_easy_frame_001028.jpg,data\ml_core\labels\train\seed_easy_frame_001028.txt
seed_easy_frame_001052.jpg,train,01_easy_spark_plume,easy_spark_plume,test-sparks-easy.mp4,1052,17.550867,welding_arc,1,data\ml_core\images\train\seed_easy_frame_001052.jpg,data\ml_core\labels\train\seed_easy_frame_001052.txt
seed_easy_frame_001077.jpg,train,01_easy_spark_plume,easy_spark_plume,test-sparks-easy.mp4,1077,17.96795,welding_arc,1,data\ml_core\images\train\seed_easy_frame_001077.jpg,data\ml_core\labels\train\seed_easy_frame_001077.txt
seed_easy_frame_001081.jpg,val,01_easy_spark_plume,easy_spark_plume,test-sparks-easy.mp4,1081,18.034683,welding_arc,1,data\ml_core\images\val\seed_easy_frame_001081.jpg,data\ml_core\labels\val\seed_easy_frame_001081.txt
seed_easy_frame_001099.jpg,train,01_easy_spark_plume,easy_spark_plume,test-sparks-easy.mp4,1099,18.334983,welding_arc,1,data\ml_core\images\train\seed_easy_frame_001099.jpg,data\ml_core\labels\train\seed_easy_frame_001099.txt
seed_easy_frame_001133.jpg,train,01_easy_spark_plume,easy_spark_plume,test-sparks-easy.mp4,1133,18.902217,welding_arc,1,data\ml_core\images\train\seed_easy_frame_001133.jpg,data\ml_core\labels\train\seed_easy_frame_001133.txt
seed_easy_frame_001135.jpg,train,01_easy_spark_plume,easy_spark_plume,test-sparks-easy.mp4,1135,18.935583,welding_arc,1,data\ml_core\images\train\seed_easy_frame_001135.jpg,data\ml_core\labels\train\seed_easy_frame_001135.txt
seed_medium_frame_000000.jpg,val,02_medium_welding_arc,medium_welding_arc,test-sparks-medium.mp4,0,0.0,welding_arc,1,data\ml_core\images\val\seed_medium_frame_000000.jpg,data\ml_core\labels\val\seed_medium_frame_000000.txt
seed_medium_frame_000008.jpg,train,02_medium_welding_arc,medium_welding_arc,test-sparks-medium.mp4,8,0.133333,welding_arc,1,data\ml_core\images\train\seed_medium_frame_000008.jpg,data\ml_core\labels\train\seed_medium_frame_000008.txt
seed_medium_frame_000016.jpg,train,02_medium_welding_arc,medium_welding_arc,test-sparks-medium.mp4,16,0.266667,welding_arc,1,data\ml_core\images\train\seed_medium_frame_000016.jpg,data\ml_core\labels\train\seed_medium_frame_000016.txt
seed_medium_frame_000024.jpg,train,02_medium_welding_arc,medium_welding_arc,test-sparks-medium.mp4,24,0.4,welding_arc,1,data\ml_core\images\train\seed_medium_frame_000024.jpg,data\ml_core\labels\train\seed_medium_frame_000024.txt
seed_medium_frame_000032.jpg,train,02_medium_welding_arc,medium_welding_arc,test-sparks-medium.mp4,32,0.533333,welding_arc,1,data\ml_core\images\train\seed_medium_frame_000032.jpg,data\ml_core\labels\train\seed_medium_frame_000032.txt
seed_medium_frame_000040.jpg,val,02_medium_welding_arc,medium_welding_arc,test-sparks-medium.mp4,40,0.666667,welding_arc,1,data\ml_core\images\val\seed_medium_frame_000040.jpg,data\ml_core\labels\val\seed_medium_frame_000040.txt
seed_medium_frame_000048.jpg,train,02_medium_welding_arc,medium_welding_arc,test-sparks-medium.mp4,48,0.8,welding_arc,1,data\ml_core\images\train\seed_medium_frame_000048.jpg,data\ml_core\labels\train\seed_medium_frame_000048.txt
seed_medium_frame_000056.jpg,train,02_medium_welding_arc,medium_welding_arc,test-sparks-medium.mp4,56,0.933333,welding_arc,1,data\ml_core\images\train\seed_medium_frame_000056.jpg,data\ml_core\labels\train\seed_medium_frame_000056.txt
seed_medium_frame_000064.jpg,train,02_medium_welding_arc,medium_welding_arc,test-sparks-medium.mp4,64,1.066667,welding_arc,1,data\ml_core\images\train\seed_medium_frame_000064.jpg,data\ml_core\labels\train\seed_medium_frame_000064.txt
seed_medium_frame_000072.jpg,train,02_medium_welding_arc,medium_welding_arc,test-sparks-medium.mp4,72,1.2,welding_arc,1,data\ml_core\images\train\seed_medium_frame_000072.jpg,data\ml_core\labels\train\seed_medium_frame_000072.txt
seed_medium_frame_000080.jpg,val,02_medium_welding_arc,medium_welding_arc,test-sparks-medium.mp4,80,1.333333,welding_arc,1,data\ml_core\images\val\seed_medium_frame_000080.jpg,data\ml_core\labels\val\seed_medium_frame_000080.txt
seed_medium_frame_000088.jpg,train,02_medium_welding_arc,medium_welding_arc,test-sparks-medium.mp4,88,1.466667,welding_arc,1,data\ml_core\images\train\seed_medium_frame_000088.jpg,data\ml_core\labels\train\seed_medium_frame_000088.txt
seed_medium_frame_000096.jpg,train,02_medium_welding_arc,medium_welding_arc,test-sparks-medium.mp4,96,1.6,welding_arc,1,data\ml_core\images\train\seed_medium_frame_000096.jpg,data\ml_core\labels\train\seed_medium_frame_000096.txt
seed_medium_frame_000104.jpg,train,02_medium_welding_arc,medium_welding_arc,test-sparks-medium.mp4,104,1.733333,welding_arc,1,data\ml_core\images\train\seed_medium_frame_000104.jpg,data\ml_core\labels\train\seed_medium_frame_000104.txt
seed_medium_frame_000112.jpg,train,02_medium_welding_arc,medium_welding_arc,test-sparks-medium.mp4,112,1.866667,welding_arc,1,data\ml_core\images\train\seed_medium_frame_000112.jpg,data\ml_core\labels\train\seed_medium_frame_000112.txt
seed_medium_frame_000120.jpg,val,02_medium_welding_arc,medium_welding_arc,test-sparks-medium.mp4,120,2.0,welding_arc,1,data\ml_core\images\val\seed_medium_frame_000120.jpg,data\ml_core\labels\val\seed_medium_frame_000120.txt
seed_medium_frame_000128.jpg,train,02_medium_welding_arc,medium_welding_arc,test-sparks-medium.mp4,128,2.133333,welding_arc,1,data\ml_core\images\train\seed_medium_frame_000128.jpg,data\ml_core\labels\train\seed_medium_frame_000128.txt
seed_medium_frame_000136.jpg,train,02_medium_welding_arc,medium_welding_arc,test-sparks-medium.mp4,136,2.266667,welding_arc,1,data\ml_core\images\train\seed_medium_frame_000136.jpg,data\ml_core\labels\train\seed_medium_frame_000136.txt
seed_medium_frame_000144.jpg,train,02_medium_welding_arc,medium_welding_arc,test-sparks-medium.mp4,144,2.4,welding_arc,1,data\ml_core\images\train\seed_medium_frame_000144.jpg,data\ml_core\labels\train\seed_medium_frame_000144.txt
seed_medium_frame_000152.jpg,train,02_medium_welding_arc,medium_welding_arc,test-sparks-medium.mp4,152,2.533333,welding_arc,1,data\ml_core\images\train\seed_medium_frame_000152.jpg,data\ml_core\labels\train\seed_medium_frame_000152.txt
seed_medium_frame_000160.jpg,val,02_medium_welding_arc,medium_welding_arc,test-sparks-medium.mp4,160,2.666667,welding_arc,1,data\ml_core\images\val\seed_medium_frame_000160.jpg,data\ml_core\labels\val\seed_medium_frame_000160.txt
seed_medium_frame_000168.jpg,train,02_medium_welding_arc,medium_welding_arc,test-sparks-medium.mp4,168,2.8,welding_arc,1,data\ml_core\images\train\seed_medium_frame_000168.jpg,data\ml_core\labels\train\seed_medium_frame_000168.txt
seed_medium_frame_000176.jpg,train,02_medium_welding_arc,medium_welding_arc,test-sparks-medium.mp4,176,2.933333,welding_arc,1,data\ml_core\images\train\seed_medium_frame_000176.jpg,data\ml_core\labels\train\seed_medium_frame_000176.txt
seed_medium_frame_000184.jpg,train,02_medium_welding_arc,medium_welding_arc,test-sparks-medium.mp4,184,3.066667,welding_arc,1,data\ml_core\images\train\seed_medium_frame_000184.jpg,data\ml_core\labels\train\seed_medium_frame_000184.txt
seed_medium_frame_000192.jpg,train,02_medium_welding_arc,medium_welding_arc,test-sparks-medium.mp4,192,3.2,welding_arc,1,data\ml_core\images\train\seed_medium_frame_000192.jpg,data\ml_core\labels\train\seed_medium_frame_000192.txt
seed_medium_frame_000200.jpg,val,02_medium_welding_arc,medium_welding_arc,test-sparks-medium.mp4,200,3.333333,welding_arc,1,data\ml_core\images\val\seed_medium_frame_000200.jpg,data\ml_core\labels\val\seed_medium_frame_000200.txt
seed_medium_frame_000208.jpg,train,02_medium_welding_arc,medium_welding_arc,test-sparks-medium.mp4,208,3.466667,welding_arc,1,data\ml_core\images\train\seed_medium_frame_000208.jpg,data\ml_core\labels\train\seed_medium_frame_000208.txt
seed_medium_frame_000216.jpg,train,02_medium_welding_arc,medium_welding_arc,test-sparks-medium.mp4,216,3.6,welding_arc,1,data\ml_core\images\train\seed_medium_frame_000216.jpg,data\ml_core\labels\train\seed_medium_frame_000216.txt
seed_medium_frame_000224.jpg,train,02_medium_welding_arc,medium_welding_arc,test-sparks-medium.mp4,224,3.733333,welding_arc,1,data\ml_core\images\train\seed_medium_frame_000224.jpg,data\ml_core\labels\train\seed_medium_frame_000224.txt
seed_medium_frame_000232.jpg,train,02_medium_welding_arc,medium_welding_arc,test-sparks-medium.mp4,232,3.866667,welding_arc,1,data\ml_core\images\train\seed_medium_frame_000232.jpg,data\ml_core\labels\train\seed_medium_frame_000232.txt
seed_medium_frame_000240.jpg,val,02_medium_welding_arc,medium_welding_arc,test-sparks-medium.mp4,240,4.0,welding_arc,1,data\ml_core\images\val\seed_medium_frame_000240.jpg,data\ml_core\labels\val\seed_medium_frame_000240.txt
seed_medium_frame_000504.jpg,train,02_medium_welding_arc,medium_welding_arc,test-sparks-medium.mp4,504,8.4,welding_arc,1,data\ml_core\images\train\seed_medium_frame_000504.jpg,data\ml_core\labels\train\seed_medium_frame_000504.txt
seed_medium_frame_000512.jpg,train,02_medium_welding_arc,medium_welding_arc,test-sparks-medium.mp4,512,8.533333,welding_arc,1,data\ml_core\images\train\seed_medium_frame_000512.jpg,data\ml_core\labels\train\seed_medium_frame_000512.txt
seed_medium_frame_000520.jpg,val,02_medium_welding_arc,medium_welding_arc,test-sparks-medium.mp4,520,8.666667,welding_arc,1,data\ml_core\images\val\seed_medium_frame_000520.jpg,data\ml_core\labels\val\seed_medium_frame_000520.txt
seed_medium_frame_000528.jpg,train,02_medium_welding_arc,medium_welding_arc,test-sparks-medium.mp4,528,8.8,welding_arc,1,data\ml_core\images\train\seed_medium_frame_000528.jpg,data\ml_core\labels\train\seed_medium_frame_000528.txt
seed_medium_frame_000536.jpg,train,02_medium_welding_arc,medium_welding_arc,test-sparks-medium.mp4,536,8.933333,welding_arc,1,data\ml_core\images\train\seed_medium_frame_000536.jpg,data\ml_core\labels\train\seed_medium_frame_000536.txt
seed_medium_frame_000544.jpg,train,02_medium_welding_arc,medium_welding_arc,test-sparks-medium.mp4,544,9.066667,welding_arc,1,data\ml_core\images\train\seed_medium_frame_000544.jpg,data\ml_core\labels\train\seed_medium_frame_000544.txt
seed_medium_frame_000768.jpg,train,02_medium_welding_arc,medium_welding_arc,test-sparks-medium.mp4,768,12.8,welding_arc,1,data\ml_core\images\train\seed_medium_frame_000768.jpg,data\ml_core\labels\train\seed_medium_frame_000768.txt
seed_medium_frame_000784.jpg,train,02_medium_welding_arc,medium_welding_arc,test-sparks-medium.mp4,784,13.066667,welding_arc,1,data\ml_core\images\train\seed_medium_frame_000784.jpg,data\ml_core\labels\train\seed_medium_frame_000784.txt
seed_medium_frame_000816.jpg,train,02_medium_welding_arc,medium_welding_arc,test-sparks-medium.mp4,816,13.6,welding_arc,1,data\ml_core\images\train\seed_medium_frame_000816.jpg,data\ml_core\labels\train\seed_medium_frame_000816.txt
seed_medium_frame_000824.jpg,train,02_medium_welding_arc,medium_welding_arc,test-sparks-medium.mp4,824,13.733333,welding_arc,1,data\ml_core\images\train\seed_medium_frame_000824.jpg,data\ml_core\labels\train\seed_medium_frame_000824.txt
seed_medium_frame_000832.jpg,train,02_medium_welding_arc,medium_welding_arc,test-sparks-medium.mp4,832,13.866667,welding_arc,1,data\ml_core\images\train\seed_medium_frame_000832.jpg,data\ml_core\labels\train\seed_medium_frame_000832.txt
seed_medium_frame_000840.jpg,val,02_medium_welding_arc,medium_welding_arc,test-sparks-medium.mp4,840,14.0,welding_arc,1,data\ml_core\images\val\seed_medium_frame_000840.jpg,data\ml_core\labels\val\seed_medium_frame_000840.txt
seed_medium_frame_000848.jpg,train,02_medium_welding_arc,medium_welding_arc,test-sparks-medium.mp4,848,14.133333,welding_arc,1,data\ml_core\images\train\seed_medium_frame_000848.jpg,data\ml_core\labels\train\seed_medium_frame_000848.txt
seed_medium_frame_000856.jpg,train,02_medium_welding_arc,medium_welding_arc,test-sparks-medium.mp4,856,14.266667,welding_arc,1,data\ml_core\images\train\seed_medium_frame_000856.jpg,data\ml_core\labels\train\seed_medium_frame_000856.txt
seed_medium_frame_000864.jpg,train,02_medium_welding_arc,medium_welding_arc,test-sparks-medium.mp4,864,14.4,welding_arc,1,data\ml_core\images\train\seed_medium_frame_000864.jpg,data\ml_core\labels\train\seed_medium_frame_000864.txt
seed_medium_frame_000872.jpg,train,02_medium_welding_arc,medium_welding_arc,test-sparks-medium.mp4,872,14.533333,welding_arc,1,data\ml_core\images\train\seed_medium_frame_000872.jpg,data\ml_core\labels\train\seed_medium_frame_000872.txt
seed_medium_frame_000880.jpg,val,02_medium_welding_arc,medium_welding_arc,test-sparks-medium.mp4,880,14.666667,welding_arc,1,data\ml_core\images\val\seed_medium_frame_000880.jpg,data\ml_core\labels\val\seed_medium_frame_000880.txt
seed_medium_frame_000888.jpg,train,02_medium_welding_arc,medium_welding_arc,test-sparks-medium.mp4,888,14.8,welding_arc,1,data\ml_core\images\train\seed_medium_frame_000888.jpg,data\ml_core\labels\train\seed_medium_frame_000888.txt
seed_medium_frame_000896.jpg,train,02_medium_welding_arc,medium_welding_arc,test-sparks-medium.mp4,896,14.933333,welding_arc,1,data\ml_core\images\train\seed_medium_frame_000896.jpg,data\ml_core\labels\train\seed_medium_frame_000896.txt
seed_medium_frame_000904.jpg,train,02_medium_welding_arc,medium_welding_arc,test-sparks-medium.mp4,904,15.066667,welding_arc,1,data\ml_core\images\train\seed_medium_frame_000904.jpg,data\ml_core\labels\train\seed_medium_frame_000904.txt
seed_medium_frame_000912.jpg,train,02_medium_welding_arc,medium_welding_arc,test-sparks-medium.mp4,912,15.2,welding_arc,1,data\ml_core\images\train\seed_medium_frame_000912.jpg,data\ml_core\labels\train\seed_medium_frame_000912.txt
seed_medium_frame_000920.jpg,val,02_medium_welding_arc,medium_welding_arc,test-sparks-medium.mp4,920,15.333333,welding_arc,1,data\ml_core\images\val\seed_medium_frame_000920.jpg,data\ml_core\labels\val\seed_medium_frame_000920.txt
seed_medium_frame_000928.jpg,train,02_medium_welding_arc,medium_welding_arc,test-sparks-medium.mp4,928,15.466667,welding_arc,1,data\ml_core\images\train\seed_medium_frame_000928.jpg,data\ml_core\labels\train\seed_medium_frame_000928.txt
seed_medium_frame_000936.jpg,train,02_medium_welding_arc,medium_welding_arc,test-sparks-medium.mp4,936,15.6,welding_arc,1,data\ml_core\images\train\seed_medium_frame_000936.jpg,data\ml_core\labels\train\seed_medium_frame_000936.txt
seed_medium_frame_000944.jpg,train,02_medium_welding_arc,medium_welding_arc,test-sparks-medium.mp4,944,15.733333,welding_arc,1,data\ml_core\images\train\seed_medium_frame_000944.jpg,data\ml_core\labels\train\seed_medium_frame_000944.txt
seed_medium_frame_000952.jpg,train,02_medium_welding_arc,medium_welding_arc,test-sparks-medium.mp4,952,15.866667,welding_arc,1,data\ml_core\images\train\seed_medium_frame_000952.jpg,data\ml_core\labels\train\seed_medium_frame_000952.txt
seed_medium_frame_000960.jpg,val,02_medium_welding_arc,medium_welding_arc,test-sparks-medium.mp4,960,16.0,welding_arc,1,data\ml_core\images\val\seed_medium_frame_000960.jpg,data\ml_core\labels\val\seed_medium_frame_000960.txt
seed_medium_frame_000968.jpg,train,02_medium_welding_arc,medium_welding_arc,test-sparks-medium.mp4,968,16.133333,welding_arc,1,data\ml_core\images\train\seed_medium_frame_000968.jpg,data\ml_core\labels\train\seed_medium_frame_000968.txt
seed_medium_frame_000976.jpg,train,02_medium_welding_arc,medium_welding_arc,test-sparks-medium.mp4,976,16.266667,welding_arc,1,data\ml_core\images\train\seed_medium_frame_000976.jpg,data\ml_core\labels\train\seed_medium_frame_000976.txt
seed_medium_frame_000984.jpg,train,02_medium_welding_arc,medium_welding_arc,test-sparks-medium.mp4,984,16.4,welding_arc,1,data\ml_core\images\train\seed_medium_frame_000984.jpg,data\ml_core\labels\train\seed_medium_frame_000984.txt
seed_medium_frame_000992.jpg,train,02_medium_welding_arc,medium_welding_arc,test-sparks-medium.mp4,992,16.533333,welding_arc,1,data\ml_core\images\train\seed_medium_frame_000992.jpg,data\ml_core\labels\train\seed_medium_frame_000992.txt
seed_medium_frame_001000.jpg,val,02_medium_welding_arc,medium_welding_arc,test-sparks-medium.mp4,1000,16.666667,welding_arc,1,data\ml_core\images\val\seed_medium_frame_001000.jpg,data\ml_core\labels\val\seed_medium_frame_001000.txt
seed_medium_frame_001008.jpg,train,02_medium_welding_arc,medium_welding_arc,test-sparks-medium.mp4,1008,16.8,welding_arc,1,data\ml_core\images\train\seed_medium_frame_001008.jpg,data\ml_core\labels\train\seed_medium_frame_001008.txt
seed_medium_frame_001016.jpg,train,02_medium_welding_arc,medium_welding_arc,test-sparks-medium.mp4,1016,16.933333,welding_arc,1,data\ml_core\images\train\seed_medium_frame_001016.jpg,data\ml_core\labels\train\seed_medium_frame_001016.txt
seed_medium_frame_001024.jpg,train,02_medium_welding_arc,medium_welding_arc,test-sparks-medium.mp4,1024,17.066667,welding_arc,1,data\ml_core\images\train\seed_medium_frame_001024.jpg,data\ml_core\labels\train\seed_medium_frame_001024.txt
seed_medium_frame_001032.jpg,train,02_medium_welding_arc,medium_welding_arc,test-sparks-medium.mp4,1032,17.2,welding_arc,1,data\ml_core\images\train\seed_medium_frame_001032.jpg,data\ml_core\labels\train\seed_medium_frame_001032.txt
seed_medium_frame_001040.jpg,val,02_medium_welding_arc,medium_welding_arc,test-sparks-medium.mp4,1040,17.333333,welding_arc,1,data\ml_core\images\val\seed_medium_frame_001040.jpg,data\ml_core\labels\val\seed_medium_frame_001040.txt
seed_medium_frame_001048.jpg,train,02_medium_welding_arc,medium_welding_arc,test-sparks-medium.mp4,1048,17.466667,welding_arc,1,data\ml_core\images\train\seed_medium_frame_001048.jpg,data\ml_core\labels\train\seed_medium_frame_001048.txt
seed_medium_frame_001056.jpg,train,02_medium_welding_arc,medium_welding_arc,test-sparks-medium.mp4,1056,17.6,welding_arc,1,data\ml_core\images\train\seed_medium_frame_001056.jpg,data\ml_core\labels\train\seed_medium_frame_001056.txt
seed_medium_frame_001064.jpg,train,02_medium_welding_arc,medium_welding_arc,test-sparks-medium.mp4,1064,17.733333,welding_arc,1,data\ml_core\images\train\seed_medium_frame_001064.jpg,data\ml_core\labels\train\seed_medium_frame_001064.txt
seed_medium_frame_001072.jpg,train,02_medium_welding_arc,medium_welding_arc,test-sparks-medium.mp4,1072,17.866667,welding_arc,1,data\ml_core\images\train\seed_medium_frame_001072.jpg,data\ml_core\labels\train\seed_medium_frame_001072.txt
seed_medium_frame_001080.jpg,val,02_medium_welding_arc,medium_welding_arc,test-sparks-medium.mp4,1080,18.0,welding_arc,1,data\ml_core\images\val\seed_medium_frame_001080.jpg,data\ml_core\labels\val\seed_medium_frame_001080.txt
seed_medium_frame_001088.jpg,train,02_medium_welding_arc,medium_welding_arc,test-sparks-medium.mp4,1088,18.133333,welding_arc,1,data\ml_core\images\train\seed_medium_frame_001088.jpg,data\ml_core\labels\train\seed_medium_frame_001088.txt
seed_medium_frame_001096.jpg,train,02_medium_welding_arc,medium_welding_arc,test-sparks-medium.mp4,1096,18.266667,welding_arc,1,data\ml_core\images\train\seed_medium_frame_001096.jpg,data\ml_core\labels\train\seed_medium_frame_001096.txt
seed_medium_frame_001104.jpg,train,02_medium_welding_arc,medium_welding_arc,test-sparks-medium.mp4,1104,18.4,welding_arc,1,data\ml_core\images\train\seed_medium_frame_001104.jpg,data\ml_core\labels\train\seed_medium_frame_001104.txt
seed_medium_frame_001112.jpg,train,02_medium_welding_arc,medium_welding_arc,test-sparks-medium.mp4,1112,18.533333,welding_arc,1,data\ml_core\images\train\seed_medium_frame_001112.jpg,data\ml_core\labels\train\seed_medium_frame_001112.txt
seed_medium_frame_001120.jpg,val,02_medium_welding_arc,medium_welding_arc,test-sparks-medium.mp4,1120,18.666667,welding_arc,1,data\ml_core\images\val\seed_medium_frame_001120.jpg,data\ml_core\labels\val\seed_medium_frame_001120.txt
seed_medium_frame_001128.jpg,train,02_medium_welding_arc,medium_welding_arc,test-sparks-medium.mp4,1128,18.8,welding_arc,1,data\ml_core\images\train\seed_medium_frame_001128.jpg,data\ml_core\labels\train\seed_medium_frame_001128.txt
seed_medium_frame_001136.jpg,train,02_medium_welding_arc,medium_welding_arc,test-sparks-medium.mp4,1136,18.933333,welding_arc,1,data\ml_core\images\train\seed_medium_frame_001136.jpg,data\ml_core\labels\train\seed_medium_frame_001136.txt
seed_medium_frame_001144.jpg,train,02_medium_welding_arc,medium_welding_arc,test-sparks-medium.mp4,1144,19.066667,welding_arc,1,data\ml_core\images\train\seed_medium_frame_001144.jpg,data\ml_core\labels\train\seed_medium_frame_001144.txt
seed_medium_frame_001152.jpg,train,02_medium_welding_arc,medium_welding_arc,test-sparks-medium.mp4,1152,19.2,welding_arc,1,data\ml_core\images\train\seed_medium_frame_001152.jpg,data\ml_core\labels\train\seed_medium_frame_001152.txt
seed_medium_frame_001160.jpg,val,02_medium_welding_arc,medium_welding_arc,test-sparks-medium.mp4,1160,19.333333,welding_arc,1,data\ml_core\images\val\seed_medium_frame_001160.jpg,data\ml_core\labels\val\seed_medium_frame_001160.txt
seed_medium_frame_001168.jpg,train,02_medium_welding_arc,medium_welding_arc,test-sparks-medium.mp4,1168,19.466667,welding_arc,1,data\ml_core\images\train\seed_medium_frame_001168.jpg,data\ml_core\labels\train\seed_medium_frame_001168.txt
seed_medium_frame_001176.jpg,train,02_medium_welding_arc,medium_welding_arc,test-sparks-medium.mp4,1176,19.6,welding_arc,1,data\ml_core\images\train\seed_medium_frame_001176.jpg,data\ml_core\labels\train\seed_medium_frame_001176.txt
seed_medium_frame_001184.jpg,train,02_medium_welding_arc,medium_welding_arc,test-sparks-medium.mp4,1184,19.733333,welding_arc,1,data\ml_core\images\train\seed_medium_frame_001184.jpg,data\ml_core\labels\train\seed_medium_frame_001184.txt
seed_medium_frame_001192.jpg,train,02_medium_welding_arc,medium_welding_arc,test-sparks-medium.mp4,1192,19.866667,welding_arc,1,data\ml_core\images\train\seed_medium_frame_001192.jpg,data\ml_core\labels\train\seed_medium_frame_001192.txt
seed_medium_frame_001200.jpg,val,02_medium_welding_arc,medium_welding_arc,test-sparks-medium.mp4,1200,20.0,welding_arc,1,data\ml_core\images\val\seed_medium_frame_001200.jpg,data\ml_core\labels\val\seed_medium_frame_001200.txt
seed_medium_frame_001208.jpg,train,02_medium_welding_arc,medium_welding_arc,test-sparks-medium.mp4,1208,20.133333,welding_arc,1,data\ml_core\images\train\seed_medium_frame_001208.jpg,data\ml_core\labels\train\seed_medium_frame_001208.txt
seed_medium_frame_001216.jpg,train,02_medium_welding_arc,medium_welding_arc,test-sparks-medium.mp4,1216,20.266667,welding_arc,1,data\ml_core\images\train\seed_medium_frame_001216.jpg,data\ml_core\labels\train\seed_medium_frame_001216.txt
seed_medium_frame_001224.jpg,train,02_medium_welding_arc,medium_welding_arc,test-sparks-medium.mp4,1224,20.4,welding_arc,1,data\ml_core\images\train\seed_medium_frame_001224.jpg,data\ml_core\labels\train\seed_medium_frame_001224.txt
seed_medium_frame_001232.jpg,train,02_medium_welding_arc,medium_welding_arc,test-sparks-medium.mp4,1232,20.533333,welding_arc,2,data\ml_core\images\train\seed_medium_frame_001232.jpg,data\ml_core\labels\train\seed_medium_frame_001232.txt
seed_medium_frame_001240.jpg,val,02_medium_welding_arc,medium_welding_arc,test-sparks-medium.mp4,1240,20.666667,welding_arc,1,data\ml_core\images\val\seed_medium_frame_001240.jpg,data\ml_core\labels\val\seed_medium_frame_001240.txt
seed_medium_frame_001248.jpg,train,02_medium_welding_arc,medium_welding_arc,test-sparks-medium.mp4,1248,20.8,welding_arc,1,data\ml_core\images\train\seed_medium_frame_001248.jpg,data\ml_core\labels\train\seed_medium_frame_001248.txt
seed_medium_frame_001256.jpg,train,02_medium_welding_arc,medium_welding_arc,test-sparks-medium.mp4,1256,20.933333,welding_arc,1,data\ml_core\images\train\seed_medium_frame_001256.jpg,data\ml_core\labels\train\seed_medium_frame_001256.txt
seed_medium_frame_001264.jpg,train,02_medium_welding_arc,medium_welding_arc,test-sparks-medium.mp4,1264,21.066667,welding_arc,1,data\ml_core\images\train\seed_medium_frame_001264.jpg,data\ml_core\labels\train\seed_medium_frame_001264.txt
seed_medium_frame_001288.jpg,train,02_medium_welding_arc,medium_welding_arc,test-sparks-medium.mp4,1288,21.466667,welding_arc,1,data\ml_core\images\train\seed_medium_frame_001288.jpg,data\ml_core\labels\train\seed_medium_frame_001288.txt
seed_medium_frame_001296.jpg,val,02_medium_welding_arc,medium_welding_arc,test-sparks-medium.mp4,1296,21.6,welding_arc,1,data\ml_core\images\val\seed_medium_frame_001296.jpg,data\ml_core\labels\val\seed_medium_frame_001296.txt
seed_medium_frame_001304.jpg,train,02_medium_welding_arc,medium_welding_arc,test-sparks-medium.mp4,1304,21.733333,welding_arc,1,data\ml_core\images\train\seed_medium_frame_001304.jpg,data\ml_core\labels\train\seed_medium_frame_001304.txt
seed_medium_frame_001312.jpg,train,02_medium_welding_arc,medium_welding_arc,test-sparks-medium.mp4,1312,21.866667,welding_arc,1,data\ml_core\images\train\seed_medium_frame_001312.jpg,data\ml_core\labels\train\seed_medium_frame_001312.txt
seed_medium_frame_001320.jpg,train,02_medium_welding_arc,medium_welding_arc,test-sparks-medium.mp4,1320,22.0,welding_arc,1,data\ml_core\images\train\seed_medium_frame_001320.jpg,data\ml_core\labels\train\seed_medium_frame_001320.txt
seed_medium_frame_001328.jpg,train,02_medium_welding_arc,medium_welding_arc,test-sparks-medium.mp4,1328,22.133333,welding_arc,1,data\ml_core\images\train\seed_medium_frame_001328.jpg,data\ml_core\labels\train\seed_medium_frame_001328.txt
seed_medium_frame_001336.jpg,val,02_medium_welding_arc,medium_welding_arc,test-sparks-medium.mp4,1336,22.266667,welding_arc,1,data\ml_core\images\val\seed_medium_frame_001336.jpg,data\ml_core\labels\val\seed_medium_frame_001336.txt
seed_medium_frame_001344.jpg,train,02_medium_welding_arc,medium_welding_arc,test-sparks-medium.mp4,1344,22.4,welding_arc,1,data\ml_core\images\train\seed_medium_frame_001344.jpg,data\ml_core\labels\train\seed_medium_frame_001344.txt
seed_medium_frame_001352.jpg,train,02_medium_welding_arc,medium_welding_arc,test-sparks-medium.mp4,1352,22.533333,welding_arc,1,data\ml_core\images\train\seed_medium_frame_001352.jpg,data\ml_core\labels\train\seed_medium_frame_001352.txt
seed_medium_frame_001360.jpg,train,02_medium_welding_arc,medium_welding_arc,test-sparks-medium.mp4,1360,22.666667,welding_arc,1,data\ml_core\images\train\seed_medium_frame_001360.jpg,data\ml_core\labels\train\seed_medium_frame_001360.txt
seed_medium_frame_001368.jpg,train,02_medium_welding_arc,medium_welding_arc,test-sparks-medium.mp4,1368,22.8,welding_arc,1,data\ml_core\images\train\seed_medium_frame_001368.jpg,data\ml_core\labels\train\seed_medium_frame_001368.txt
seed_medium_frame_001376.jpg,val,02_medium_welding_arc,medium_welding_arc,test-sparks-medium.mp4,1376,22.933333,welding_arc,1,data\ml_core\images\val\seed_medium_frame_001376.jpg,data\ml_core\labels\val\seed_medium_frame_001376.txt
seed_medium_frame_001384.jpg,train,02_medium_welding_arc,medium_welding_arc,test-sparks-medium.mp4,1384,23.066667,welding_arc,1,data\ml_core\images\train\seed_medium_frame_001384.jpg,data\ml_core\labels\train\seed_medium_frame_001384.txt
seed_medium_frame_001392.jpg,train,02_medium_welding_arc,medium_welding_arc,test-sparks-medium.mp4,1392,23.2,welding_arc,1,data\ml_core\images\train\seed_medium_frame_001392.jpg,data\ml_core\labels\train\seed_medium_frame_001392.txt
seed_medium_frame_001400.jpg,train,02_medium_welding_arc,medium_welding_arc,test-sparks-medium.mp4,1400,23.333333,welding_arc,1,data\ml_core\images\train\seed_medium_frame_001400.jpg,data\ml_core\labels\train\seed_medium_frame_001400.txt
seed_medium_frame_001408.jpg,train,02_medium_welding_arc,medium_welding_arc,test-sparks-medium.mp4,1408,23.466667,welding_arc,1,data\ml_core\images\train\seed_medium_frame_001408.jpg,data\ml_core\labels\train\seed_medium_frame_001408.txt
seed_medium_frame_001416.jpg,val,02_medium_welding_arc,medium_welding_arc,test-sparks-medium.mp4,1416,23.6,welding_arc,1,data\ml_core\images\val\seed_medium_frame_001416.jpg,data\ml_core\labels\val\seed_medium_frame_001416.txt
seed_medium_frame_001424.jpg,train,02_medium_welding_arc,medium_welding_arc,test-sparks-medium.mp4,1424,23.733333,welding_arc,1,data\ml_core\images\train\seed_medium_frame_001424.jpg,data\ml_core\labels\train\seed_medium_frame_001424.txt
seed_medium_frame_001432.jpg,train,02_medium_welding_arc,medium_welding_arc,test-sparks-medium.mp4,1432,23.866667,welding_arc,1,data\ml_core\images\train\seed_medium_frame_001432.jpg,data\ml_core\labels\train\seed_medium_frame_001432.txt
seed_medium_frame_001440.jpg,train,02_medium_welding_arc,medium_welding_arc,test-sparks-medium.mp4,1440,24.0,welding_arc,1,data\ml_core\images\train\seed_medium_frame_001440.jpg,data\ml_core\labels\train\seed_medium_frame_001440.txt
seed_medium_frame_001448.jpg,train,02_medium_welding_arc,medium_welding_arc,test-sparks-medium.mp4,1448,24.133333,welding_arc,1,data\ml_core\images\train\seed_medium_frame_001448.jpg,data\ml_core\labels\train\seed_medium_frame_001448.txt
seed_nopositive_empty_frame_000000.jpg,val,03_nopositive_fire_empty,nopositive_fire_empty,test-sparks-nopositives.mp4,0,0.0,empty,0,data\ml_core\images\val\seed_nopositive_empty_frame_000000.jpg,data\ml_core\labels\val\seed_nopositive_empty_frame_000000.txt
seed_nopositive_empty_frame_000001.jpg,train,03_nopositive_fire_empty,nopositive_fire_empty,test-sparks-nopositives.mp4,1,0.041708,empty,0,data\ml_core\images\train\seed_nopositive_empty_frame_000001.jpg,data\ml_core\labels\train\seed_nopositive_empty_frame_000001.txt
seed_nopositive_empty_frame_000002.jpg,train,03_nopositive_fire_empty,nopositive_fire_empty,test-sparks-nopositives.mp4,2,0.083417,empty,0,data\ml_core\images\train\seed_nopositive_empty_frame_000002.jpg,data\ml_core\labels\train\seed_nopositive_empty_frame_000002.txt
seed_nopositive_empty_frame_000003.jpg,train,03_nopositive_fire_empty,nopositive_fire_empty,test-sparks-nopositives.mp4,3,0.125125,empty,0,data\ml_core\images\train\seed_nopositive_empty_frame_000003.jpg,data\ml_core\labels\train\seed_nopositive_empty_frame_000003.txt
seed_nopositive_empty_frame_000004.jpg,train,03_nopositive_fire_empty,nopositive_fire_empty,test-sparks-nopositives.mp4,4,0.166833,empty,0,data\ml_core\images\train\seed_nopositive_empty_frame_000004.jpg,data\ml_core\labels\train\seed_nopositive_empty_frame_000004.txt
seed_nopositive_empty_frame_000005.jpg,val,03_nopositive_fire_empty,nopositive_fire_empty,test-sparks-nopositives.mp4,5,0.208542,empty,0,data\ml_core\images\val\seed_nopositive_empty_frame_000005.jpg,data\ml_core\labels\val\seed_nopositive_empty_frame_000005.txt
seed_nopositive_empty_frame_000006.jpg,train,03_nopositive_fire_empty,nopositive_fire_empty,test-sparks-nopositives.mp4,6,0.25025,empty,0,data\ml_core\images\train\seed_nopositive_empty_frame_000006.jpg,data\ml_core\labels\train\seed_nopositive_empty_frame_000006.txt
seed_nopositive_empty_frame_000007.jpg,train,03_nopositive_fire_empty,nopositive_fire_empty,test-sparks-nopositives.mp4,7,0.291958,empty,0,data\ml_core\images\train\seed_nopositive_empty_frame_000007.jpg,data\ml_core\labels\train\seed_nopositive_empty_frame_000007.txt
seed_nopositive_empty_frame_000008.jpg,train,03_nopositive_fire_empty,nopositive_fire_empty,test-sparks-nopositives.mp4,8,0.333667,empty,0,data\ml_core\images\train\seed_nopositive_empty_frame_000008.jpg,data\ml_core\labels\train\seed_nopositive_empty_frame_000008.txt
seed_nopositive_empty_frame_000010.jpg,val,03_nopositive_fire_empty,nopositive_fire_empty,test-sparks-nopositives.mp4,10,0.417083,empty,0,data\ml_core\images\val\seed_nopositive_empty_frame_000010.jpg,data\ml_core\labels\val\seed_nopositive_empty_frame_000010.txt
seed_nopositive_empty_frame_000011.jpg,train,03_nopositive_fire_empty,nopositive_fire_empty,test-sparks-nopositives.mp4,11,0.458792,empty,0,data\ml_core\images\train\seed_nopositive_empty_frame_000011.jpg,data\ml_core\labels\train\seed_nopositive_empty_frame_000011.txt
seed_nopositive_empty_frame_000012.jpg,train,03_nopositive_fire_empty,nopositive_fire_empty,test-sparks-nopositives.mp4,12,0.5005,empty,0,data\ml_core\images\train\seed_nopositive_empty_frame_000012.jpg,data\ml_core\labels\train\seed_nopositive_empty_frame_000012.txt
seed_nopositive_empty_frame_000013.jpg,train,03_nopositive_fire_empty,nopositive_fire_empty,test-sparks-nopositives.mp4,13,0.542208,empty,0,data\ml_core\images\train\seed_nopositive_empty_frame_000013.jpg,data\ml_core\labels\train\seed_nopositive_empty_frame_000013.txt
seed_nopositive_empty_frame_000014.jpg,train,03_nopositive_fire_empty,nopositive_fire_empty,test-sparks-nopositives.mp4,14,0.583917,empty,0,data\ml_core\images\train\seed_nopositive_empty_frame_000014.jpg,data\ml_core\labels\train\seed_nopositive_empty_frame_000014.txt
seed_nopositive_empty_frame_000015.jpg,val,03_nopositive_fire_empty,nopositive_fire_empty,test-sparks-nopositives.mp4,15,0.625625,empty,0,data\ml_core\images\val\seed_nopositive_empty_frame_000015.jpg,data\ml_core\labels\val\seed_nopositive_empty_frame_000015.txt
seed_nopositive_empty_frame_000016.jpg,train,03_nopositive_fire_empty,nopositive_fire_empty,test-sparks-nopositives.mp4,16,0.667333,empty,0,data\ml_core\images\train\seed_nopositive_empty_frame_000016.jpg,data\ml_core\labels\train\seed_nopositive_empty_frame_000016.txt
seed_nopositive_empty_frame_000017.jpg,train,03_nopositive_fire_empty,nopositive_fire_empty,test-sparks-nopositives.mp4,17,0.709042,empty,0,data\ml_core\images\train\seed_nopositive_empty_frame_000017.jpg,data\ml_core\labels\train\seed_nopositive_empty_frame_000017.txt
seed_nopositive_empty_frame_000018.jpg,train,03_nopositive_fire_empty,nopositive_fire_empty,test-sparks-nopositives.mp4,18,0.75075,empty,0,data\ml_core\images\train\seed_nopositive_empty_frame_000018.jpg,data\ml_core\labels\train\seed_nopositive_empty_frame_000018.txt
seed_nopositive_empty_frame_000019.jpg,train,03_nopositive_fire_empty,nopositive_fire_empty,test-sparks-nopositives.mp4,19,0.792458,empty,0,data\ml_core\images\train\seed_nopositive_empty_frame_000019.jpg,data\ml_core\labels\train\seed_nopositive_empty_frame_000019.txt
seed_nopositive_empty_frame_000020.jpg,val,03_nopositive_fire_empty,nopositive_fire_empty,test-sparks-nopositives.mp4,20,0.834167,empty,0,data\ml_core\images\val\seed_nopositive_empty_frame_000020.jpg,data\ml_core\labels\val\seed_nopositive_empty_frame_000020.txt
seed_nopositive_empty_frame_000021.jpg,train,03_nopositive_fire_empty,nopositive_fire_empty,test-sparks-nopositives.mp4,21,0.875875,empty,0,data\ml_core\images\train\seed_nopositive_empty_frame_000021.jpg,data\ml_core\labels\train\seed_nopositive_empty_frame_000021.txt
seed_nopositive_empty_frame_000022.jpg,train,03_nopositive_fire_empty,nopositive_fire_empty,test-sparks-nopositives.mp4,22,0.917583,empty,0,data\ml_core\images\train\seed_nopositive_empty_frame_000022.jpg,data\ml_core\labels\train\seed_nopositive_empty_frame_000022.txt
seed_nopositive_fire_frame_000023.jpg,train,03_nopositive_fire_empty,nopositive_fire_empty,test-sparks-nopositives.mp4,23,0.959292,fire,10,data\ml_core\images\train\seed_nopositive_fire_frame_000023.jpg,data\ml_core\labels\train\seed_nopositive_fire_frame_000023.txt
seed_nopositive_fire_frame_000024.jpg,train,03_nopositive_fire_empty,nopositive_fire_empty,test-sparks-nopositives.mp4,24,1.001,fire,5,data\ml_core\images\train\seed_nopositive_fire_frame_000024.jpg,data\ml_core\labels\train\seed_nopositive_fire_frame_000024.txt
seed_nopositive_fire_frame_000025.jpg,val,03_nopositive_fire_empty,nopositive_fire_empty,test-sparks-nopositives.mp4,25,1.042708,fire,3,data\ml_core\images\val\seed_nopositive_fire_frame_000025.jpg,data\ml_core\labels\val\seed_nopositive_fire_frame_000025.txt
seed_nopositive_fire_frame_000026.jpg,train,03_nopositive_fire_empty,nopositive_fire_empty,test-sparks-nopositives.mp4,26,1.084417,fire,2,data\ml_core\images\train\seed_nopositive_fire_frame_000026.jpg,data\ml_core\labels\train\seed_nopositive_fire_frame_000026.txt
seed_nopositive_fire_frame_000027.jpg,train,03_nopositive_fire_empty,nopositive_fire_empty,test-sparks-nopositives.mp4,27,1.126125,fire,3,data\ml_core\images\train\seed_nopositive_fire_frame_000027.jpg,data\ml_core\labels\train\seed_nopositive_fire_frame_000027.txt
seed_nopositive_fire_frame_000028.jpg,train,03_nopositive_fire_empty,nopositive_fire_empty,test-sparks-nopositives.mp4,28,1.167833,fire,2,data\ml_core\images\train\seed_nopositive_fire_frame_000028.jpg,data\ml_core\labels\train\seed_nopositive_fire_frame_000028.txt
seed_nopositive_fire_frame_000029.jpg,train,03_nopositive_fire_empty,nopositive_fire_empty,test-sparks-nopositives.mp4,29,1.209542,fire,3,data\ml_core\images\train\seed_nopositive_fire_frame_000029.jpg,data\ml_core\labels\train\seed_nopositive_fire_frame_000029.txt
seed_nopositive_fire_frame_000030.jpg,val,03_nopositive_fire_empty,nopositive_fire_empty,test-sparks-nopositives.mp4,30,1.25125,fire,2,data\ml_core\images\val\seed_nopositive_fire_frame_000030.jpg,data\ml_core\labels\val\seed_nopositive_fire_frame_000030.txt
seed_nopositive_fire_frame_000031.jpg,train,03_nopositive_fire_empty,nopositive_fire_empty,test-sparks-nopositives.mp4,31,1.292958,fire,3,data\ml_core\images\train\seed_nopositive_fire_frame_000031.jpg,data\ml_core\labels\train\seed_nopositive_fire_frame_000031.txt
seed_nopositive_fire_frame_000032.jpg,train,03_nopositive_fire_empty,nopositive_fire_empty,test-sparks-nopositives.mp4,32,1.334667,fire,3,data\ml_core\images\train\seed_nopositive_fire_frame_000032.jpg,data\ml_core\labels\train\seed_nopositive_fire_frame_000032.txt
seed_nopositive_fire_frame_000033.jpg,train,03_nopositive_fire_empty,nopositive_fire_empty,test-sparks-nopositives.mp4,33,1.376375,fire,3,data\ml_core\images\train\seed_nopositive_fire_frame_000033.jpg,data\ml_core\labels\train\seed_nopositive_fire_frame_000033.txt
seed_nopositive_fire_frame_000034.jpg,train,03_nopositive_fire_empty,nopositive_fire_empty,test-sparks-nopositives.mp4,34,1.418083,fire,4,data\ml_core\images\train\seed_nopositive_fire_frame_000034.jpg,data\ml_core\labels\train\seed_nopositive_fire_frame_000034.txt
seed_nopositive_fire_frame_000035.jpg,val,03_nopositive_fire_empty,nopositive_fire_empty,test-sparks-nopositives.mp4,35,1.459792,fire,3,data\ml_core\images\val\seed_nopositive_fire_frame_000035.jpg,data\ml_core\labels\val\seed_nopositive_fire_frame_000035.txt
seed_nopositive_fire_frame_000036.jpg,train,03_nopositive_fire_empty,nopositive_fire_empty,test-sparks-nopositives.mp4,36,1.5015,fire,3,data\ml_core\images\train\seed_nopositive_fire_frame_000036.jpg,data\ml_core\labels\train\seed_nopositive_fire_frame_000036.txt
seed_nopositive_fire_frame_000037.jpg,train,03_nopositive_fire_empty,nopositive_fire_empty,test-sparks-nopositives.mp4,37,1.543208,fire,3,data\ml_core\images\train\seed_nopositive_fire_frame_000037.jpg,data\ml_core\labels\train\seed_nopositive_fire_frame_000037.txt
seed_nopositive_fire_frame_000038.jpg,train,03_nopositive_fire_empty,nopositive_fire_empty,test-sparks-nopositives.mp4,38,1.584917,fire,3,data\ml_core\images\train\seed_nopositive_fire_frame_000038.jpg,data\ml_core\labels\train\seed_nopositive_fire_frame_000038.txt
seed_nopositive_fire_frame_000039.jpg,train,03_nopositive_fire_empty,nopositive_fire_empty,test-sparks-nopositives.mp4,39,1.626625,fire,4,data\ml_core\images\train\seed_nopositive_fire_frame_000039.jpg,data\ml_core\labels\train\seed_nopositive_fire_frame_000039.txt
seed_nopositive_fire_frame_000040.jpg,val,03_nopositive_fire_empty,nopositive_fire_empty,test-sparks-nopositives.mp4,40,1.668333,fire,4,data\ml_core\images\val\seed_nopositive_fire_frame_000040.jpg,data\ml_core\labels\val\seed_nopositive_fire_frame_000040.txt
seed_nopositive_fire_frame_000041.jpg,train,03_nopositive_fire_empty,nopositive_fire_empty,test-sparks-nopositives.mp4,41,1.710042,fire,4,data\ml_core\images\train\seed_nopositive_fire_frame_000041.jpg,data\ml_core\labels\train\seed_nopositive_fire_frame_000041.txt
seed_nopositive_fire_frame_000042.jpg,train,03_nopositive_fire_empty,nopositive_fire_empty,test-sparks-nopositives.mp4,42,1.75175,fire,3,data\ml_core\images\train\seed_nopositive_fire_frame_000042.jpg,data\ml_core\labels\train\seed_nopositive_fire_frame_000042.txt
seed_nopositive_fire_frame_000043.jpg,train,03_nopositive_fire_empty,nopositive_fire_empty,test-sparks-nopositives.mp4,43,1.793458,fire,3,data\ml_core\images\train\seed_nopositive_fire_frame_000043.jpg,data\ml_core\labels\train\seed_nopositive_fire_frame_000043.txt
seed_nopositive_fire_frame_000044.jpg,train,03_nopositive_fire_empty,nopositive_fire_empty,test-sparks-nopositives.mp4,44,1.835167,fire,3,data\ml_core\images\train\seed_nopositive_fire_frame_000044.jpg,data\ml_core\labels\train\seed_nopositive_fire_frame_000044.txt
seed_nopositive_empty_frame_000045.jpg,val,03_nopositive_fire_empty,nopositive_fire_empty,test-sparks-nopositives.mp4,45,1.876875,empty,0,data\ml_core\images\val\seed_nopositive_empty_frame_000045.jpg,data\ml_core\labels\val\seed_nopositive_empty_frame_000045.txt
seed_nopositive_empty_frame_000046.jpg,train,03_nopositive_fire_empty,nopositive_fire_empty,test-sparks-nopositives.mp4,46,1.918583,empty,0,data\ml_core\images\train\seed_nopositive_empty_frame_000046.jpg,data\ml_core\labels\train\seed_nopositive_empty_frame_000046.txt
seed_nopositive_empty_frame_000047.jpg,train,03_nopositive_fire_empty,nopositive_fire_empty,test-sparks-nopositives.mp4,47,1.960292,empty,0,data\ml_core\images\train\seed_nopositive_empty_frame_000047.jpg,data\ml_core\labels\train\seed_nopositive_empty_frame_000047.txt
seed_nopositive_empty_frame_000048.jpg,train,03_nopositive_fire_empty,nopositive_fire_empty,test-sparks-nopositives.mp4,48,2.002,empty,0,data\ml_core\images\train\seed_nopositive_empty_frame_000048.jpg,data\ml_core\labels\train\seed_nopositive_empty_frame_000048.txt
seed_nopositive_empty_frame_000049.jpg,train,03_nopositive_fire_empty,nopositive_fire_empty,test-sparks-nopositives.mp4,49,2.043708,empty,0,data\ml_core\images\train\seed_nopositive_empty_frame_000049.jpg,data\ml_core\labels\train\seed_nopositive_empty_frame_000049.txt
seed_nopositive_empty_frame_000050.jpg,val,03_nopositive_fire_empty,nopositive_fire_empty,test-sparks-nopositives.mp4,50,2.085417,empty,0,data\ml_core\images\val\seed_nopositive_empty_frame_000050.jpg,data\ml_core\labels\val\seed_nopositive_empty_frame_000050.txt
seed_nopositive_empty_frame_000051.jpg,train,03_nopositive_fire_empty,nopositive_fire_empty,test-sparks-nopositives.mp4,51,2.127125,empty,0,data\ml_core\images\train\seed_nopositive_empty_frame_000051.jpg,data\ml_core\labels\train\seed_nopositive_empty_frame_000051.txt
seed_nopositive_empty_frame_000052.jpg,train,03_nopositive_fire_empty,nopositive_fire_empty,test-sparks-nopositives.mp4,52,2.168833,empty,0,data\ml_core\images\train\seed_nopositive_empty_frame_000052.jpg,data\ml_core\labels\train\seed_nopositive_empty_frame_000052.txt
seed_nopositive_empty_frame_000053.jpg,train,03_nopositive_fire_empty,nopositive_fire_empty,test-sparks-nopositives.mp4,53,2.210542,empty,0,data\ml_core\images\train\seed_nopositive_empty_frame_000053.jpg,data\ml_core\labels\train\seed_nopositive_empty_frame_000053.txt
seed_nopositive_empty_frame_000054.jpg,train,03_nopositive_fire_empty,nopositive_fire_empty,test-sparks-nopositives.mp4,54,2.25225,empty,0,data\ml_core\images\train\seed_nopositive_empty_frame_000054.jpg,data\ml_core\labels\train\seed_nopositive_empty_frame_000054.txt
seed_nopositive_empty_frame_000055.jpg,val,03_nopositive_fire_empty,nopositive_fire_empty,test-sparks-nopositives.mp4,55,2.293958,empty,0,data\ml_core\images\val\seed_nopositive_empty_frame_000055.jpg,data\ml_core\labels\val\seed_nopositive_empty_frame_000055.txt
seed_nopositive_empty_frame_000056.jpg,train,03_nopositive_fire_empty,nopositive_fire_empty,test-sparks-nopositives.mp4,56,2.335667,empty,0,data\ml_core\images\train\seed_nopositive_empty_frame_000056.jpg,data\ml_core\labels\train\seed_nopositive_empty_frame_000056.txt
seed_nopositive_empty_frame_000057.jpg,train,03_nopositive_fire_empty,nopositive_fire_empty,test-sparks-nopositives.mp4,57,2.377375,empty,0,data\ml_core\images\train\seed_nopositive_empty_frame_000057.jpg,data\ml_core\labels\train\seed_nopositive_empty_frame_000057.txt
seed_nopositive_empty_frame_000058.jpg,train,03_nopositive_fire_empty,nopositive_fire_empty,test-sparks-nopositives.mp4,58,2.419083,empty,0,data\ml_core\images\train\seed_nopositive_empty_frame_000058.jpg,data\ml_core\labels\train\seed_nopositive_empty_frame_000058.txt
seed_nopositive_empty_frame_000059.jpg,train,03_nopositive_fire_empty,nopositive_fire_empty,test-sparks-nopositives.mp4,59,2.460792,empty,0,data\ml_core\images\train\seed_nopositive_empty_frame_000059.jpg,data\ml_core\labels\train\seed_nopositive_empty_frame_000059.txt
seed_nopositive_empty_frame_000060.jpg,val,03_nopositive_fire_empty,nopositive_fire_empty,test-sparks-nopositives.mp4,60,2.5025,empty,0,data\ml_core\images\val\seed_nopositive_empty_frame_000060.jpg,data\ml_core\labels\val\seed_nopositive_empty_frame_000060.txt
seed_nopositive_empty_frame_000061.jpg,train,03_nopositive_fire_empty,nopositive_fire_empty,test-sparks-nopositives.mp4,61,2.544208,empty,0,data\ml_core\images\train\seed_nopositive_empty_frame_000061.jpg,data\ml_core\labels\train\seed_nopositive_empty_frame_000061.txt
seed_nopositive_empty_frame_000062.jpg,train,03_nopositive_fire_empty,nopositive_fire_empty,test-sparks-nopositives.mp4,62,2.585917,empty,0,data\ml_core\images\train\seed_nopositive_empty_frame_000062.jpg,data\ml_core\labels\train\seed_nopositive_empty_frame_000062.txt
seed_nopositive_empty_frame_000063.jpg,train,03_nopositive_fire_empty,nopositive_fire_empty,test-sparks-nopositives.mp4,63,2.627625,empty,0,data\ml_core\images\train\seed_nopositive_empty_frame_000063.jpg,data\ml_core\labels\train\seed_nopositive_empty_frame_000063.txt
seed_nopositive_empty_frame_000064.jpg,train,03_nopositive_fire_empty,nopositive_fire_empty,test-sparks-nopositives.mp4,64,2.669333,empty,0,data\ml_core\images\train\seed_nopositive_empty_frame_000064.jpg,data\ml_core\labels\train\seed_nopositive_empty_frame_000064.txt
seed_nopositive_empty_frame_000065.jpg,val,03_nopositive_fire_empty,nopositive_fire_empty,test-sparks-nopositives.mp4,65,2.711042,empty,0,data\ml_core\images\val\seed_nopositive_empty_frame_000065.jpg,data\ml_core\labels\val\seed_nopositive_empty_frame_000065.txt
seed_nopositive_empty_frame_000066.jpg,train,03_nopositive_fire_empty,nopositive_fire_empty,test-sparks-nopositives.mp4,66,2.75275,empty,0,data\ml_core\images\train\seed_nopositive_empty_frame_000066.jpg,data\ml_core\labels\train\seed_nopositive_empty_frame_000066.txt
seed_nopositive_empty_frame_000067.jpg,train,03_nopositive_fire_empty,nopositive_fire_empty,test-sparks-nopositives.mp4,67,2.794458,empty,0,data\ml_core\images\train\seed_nopositive_empty_frame_000067.jpg,data\ml_core\labels\train\seed_nopositive_empty_frame_000067.txt
seed_nopositive_empty_frame_000068.jpg,train,03_nopositive_fire_empty,nopositive_fire_empty,test-sparks-nopositives.mp4,68,2.836167,empty,0,data\ml_core\images\train\seed_nopositive_empty_frame_000068.jpg,data\ml_core\labels\train\seed_nopositive_empty_frame_000068.txt
seed_nopositive_empty_frame_000069.jpg,train,03_nopositive_fire_empty,nopositive_fire_empty,test-sparks-nopositives.mp4,69,2.877875,empty,0,data\ml_core\images\train\seed_nopositive_empty_frame_000069.jpg,data\ml_core\labels\train\seed_nopositive_empty_frame_000069.txt
seed_nopositive_empty_frame_000070.jpg,val,03_nopositive_fire_empty,nopositive_fire_empty,test-sparks-nopositives.mp4,70,2.919583,empty,0,data\ml_core\images\val\seed_nopositive_empty_frame_000070.jpg,data\ml_core\labels\val\seed_nopositive_empty_frame_000070.txt
seed_nopositive_empty_frame_000071.jpg,train,03_nopositive_fire_empty,nopositive_fire_empty,test-sparks-nopositives.mp4,71,2.961292,empty,0,data\ml_core\images\train\seed_nopositive_empty_frame_000071.jpg,data\ml_core\labels\train\seed_nopositive_empty_frame_000071.txt
seed_nopositive_empty_frame_000072.jpg,train,03_nopositive_fire_empty,nopositive_fire_empty,test-sparks-nopositives.mp4,72,3.003,empty,0,data\ml_core\images\train\seed_nopositive_empty_frame_000072.jpg,data\ml_core\labels\train\seed_nopositive_empty_frame_000072.txt
seed_nopositive_empty_frame_000073.jpg,train,03_nopositive_fire_empty,nopositive_fire_empty,test-sparks-nopositives.mp4,73,3.044708,empty,0,data\ml_core\images\train\seed_nopositive_empty_frame_000073.jpg,data\ml_core\labels\train\seed_nopositive_empty_frame_000073.txt
seed_nopositive_empty_frame_000074.jpg,train,03_nopositive_fire_empty,nopositive_fire_empty,test-sparks-nopositives.mp4,74,3.086417,empty,0,data\ml_core\images\train\seed_nopositive_empty_frame_000074.jpg,data\ml_core\labels\train\seed_nopositive_empty_frame_000074.txt
seed_nopositive_empty_frame_000075.jpg,val,03_nopositive_fire_empty,nopositive_fire_empty,test-sparks-nopositives.mp4,75,3.128125,empty,0,data\ml_core\images\val\seed_nopositive_empty_frame_000075.jpg,data\ml_core\labels\val\seed_nopositive_empty_frame_000075.txt
seed_nopositive_empty_frame_000076.jpg,train,03_nopositive_fire_empty,nopositive_fire_empty,test-sparks-nopositives.mp4,76,3.169833,empty,0,data\ml_core\images\train\seed_nopositive_empty_frame_000076.jpg,data\ml_core\labels\train\seed_nopositive_empty_frame_000076.txt
seed_nopositive_empty_frame_000077.jpg,train,03_nopositive_fire_empty,nopositive_fire_empty,test-sparks-nopositives.mp4,77,3.211542,empty,0,data\ml_core\images\train\seed_nopositive_empty_frame_000077.jpg,data\ml_core\labels\train\seed_nopositive_empty_frame_000077.txt
seed_nopositive_empty_frame_000078.jpg,train,03_nopositive_fire_empty,nopositive_fire_empty,test-sparks-nopositives.mp4,78,3.25325,empty,0,data\ml_core\images\train\seed_nopositive_empty_frame_000078.jpg,data\ml_core\labels\train\seed_nopositive_empty_frame_000078.txt
seed_nopositive_empty_frame_000079.jpg,train,03_nopositive_fire_empty,nopositive_fire_empty,test-sparks-nopositives.mp4,79,3.294958,empty,0,data\ml_core\images\train\seed_nopositive_empty_frame_000079.jpg,data\ml_core\labels\train\seed_nopositive_empty_frame_000079.txt
seed_nopositive_empty_frame_000080.jpg,val,03_nopositive_fire_empty,nopositive_fire_empty,test-sparks-nopositives.mp4,80,3.336667,empty,0,data\ml_core\images\val\seed_nopositive_empty_frame_000080.jpg,data\ml_core\labels\val\seed_nopositive_empty_frame_000080.txt
seed_nopositive_empty_frame_000081.jpg,train,03_nopositive_fire_empty,nopositive_fire_empty,test-sparks-nopositives.mp4,81,3.378375,empty,0,data\ml_core\images\train\seed_nopositive_empty_frame_000081.jpg,data\ml_core\labels\train\seed_nopositive_empty_frame_000081.txt
seed_nopositive_empty_frame_000082.jpg,train,03_nopositive_fire_empty,nopositive_fire_empty,test-sparks-nopositives.mp4,82,3.420083,empty,0,data\ml_core\images\train\seed_nopositive_empty_frame_000082.jpg,data\ml_core\labels\train\seed_nopositive_empty_frame_000082.txt
seed_nopositive_fire_frame_000115.jpg,train,03_nopositive_fire_empty,nopositive_fire_empty,test-sparks-nopositives.mp4,115,4.796458,fire,1,data\ml_core\images\train\seed_nopositive_fire_frame_000115.jpg,data\ml_core\labels\train\seed_nopositive_fire_frame_000115.txt
seed_nopositive_fire_frame_000117.jpg,val,03_nopositive_fire_empty,nopositive_fire_empty,test-sparks-nopositives.mp4,117,4.879875,fire,7,data\ml_core\images\val\seed_nopositive_fire_frame_000117.jpg,data\ml_core\labels\val\seed_nopositive_fire_frame_000117.txt
seed_nopositive_fire_frame_000118.jpg,train,03_nopositive_fire_empty,nopositive_fire_empty,test-sparks-nopositives.mp4,118,4.921583,fire,4,data\ml_core\images\train\seed_nopositive_fire_frame_000118.jpg,data\ml_core\labels\train\seed_nopositive_fire_frame_000118.txt
seed_nopositive_fire_frame_000119.jpg,train,03_nopositive_fire_empty,nopositive_fire_empty,test-sparks-nopositives.mp4,119,4.963292,fire,4,data\ml_core\images\train\seed_nopositive_fire_frame_000119.jpg,data\ml_core\labels\train\seed_nopositive_fire_frame_000119.txt
seed_nopositive_fire_frame_000120.jpg,train,03_nopositive_fire_empty,nopositive_fire_empty,test-sparks-nopositives.mp4,120,5.005,fire,7,data\ml_core\images\train\seed_nopositive_fire_frame_000120.jpg,data\ml_core\labels\train\seed_nopositive_fire_frame_000120.txt
seed_nopositive_fire_frame_000121.jpg,train,03_nopositive_fire_empty,nopositive_fire_empty,test-sparks-nopositives.mp4,121,5.046708,fire,4,data\ml_core\images\train\seed_nopositive_fire_frame_000121.jpg,data\ml_core\labels\train\seed_nopositive_fire_frame_000121.txt
seed_nopositive_fire_frame_000146.jpg,train,03_nopositive_fire_empty,nopositive_fire_empty,test-sparks-nopositives.mp4,146,6.089417,fire,2,data\ml_core\images\train\seed_nopositive_fire_frame_000146.jpg,data\ml_core\labels\train\seed_nopositive_fire_frame_000146.txt
seed_nopositive_fire_frame_000147.jpg,val,03_nopositive_fire_empty,nopositive_fire_empty,test-sparks-nopositives.mp4,147,6.131125,fire,6,data\ml_core\images\val\seed_nopositive_fire_frame_000147.jpg,data\ml_core\labels\val\seed_nopositive_fire_frame_000147.txt
seed_nopositive_fire_frame_000148.jpg,train,03_nopositive_fire_empty,nopositive_fire_empty,test-sparks-nopositives.mp4,148,6.172833,fire,1,data\ml_core\images\train\seed_nopositive_fire_frame_000148.jpg,data\ml_core\labels\train\seed_nopositive_fire_frame_000148.txt
seed_nopositive_fire_frame_000149.jpg,train,03_nopositive_fire_empty,nopositive_fire_empty,test-sparks-nopositives.mp4,149,6.214542,fire,1,data\ml_core\images\train\seed_nopositive_fire_frame_000149.jpg,data\ml_core\labels\train\seed_nopositive_fire_frame_000149.txt
seed_nopositive_fire_frame_000150.jpg,train,03_nopositive_fire_empty,nopositive_fire_empty,test-sparks-nopositives.mp4,150,6.25625,fire,1,data\ml_core\images\train\seed_nopositive_fire_frame_000150.jpg,data\ml_core\labels\train\seed_nopositive_fire_frame_000150.txt
seed_nopositive_fire_frame_000151.jpg,train,03_nopositive_fire_empty,nopositive_fire_empty,test-sparks-nopositives.mp4,151,6.297958,fire,1,data\ml_core\images\train\seed_nopositive_fire_frame_000151.jpg,data\ml_core\labels\train\seed_nopositive_fire_frame_000151.txt
seed_nopositive_fire_frame_000152.jpg,val,03_nopositive_fire_empty,nopositive_fire_empty,test-sparks-nopositives.mp4,152,6.339667,fire,1,data\ml_core\images\val\seed_nopositive_fire_frame_000152.jpg,data\ml_core\labels\val\seed_nopositive_fire_frame_000152.txt
seed_nopositive_fire_frame_000153.jpg,train,03_nopositive_fire_empty,nopositive_fire_empty,test-sparks-nopositives.mp4,153,6.381375,fire,1,data\ml_core\images\train\seed_nopositive_fire_frame_000153.jpg,data\ml_core\labels\train\seed_nopositive_fire_frame_000153.txt
seed_nopositive_fire_frame_000154.jpg,train,03_nopositive_fire_empty,nopositive_fire_empty,test-sparks-nopositives.mp4,154,6.423083,fire,1,data\ml_core\images\train\seed_nopositive_fire_frame_000154.jpg,data\ml_core\labels\train\seed_nopositive_fire_frame_000154.txt
seed_nopositive_fire_frame_000155.jpg,train,03_nopositive_fire_empty,nopositive_fire_empty,test-sparks-nopositives.mp4,155,6.464792,fire,1,data\ml_core\images\train\seed_nopositive_fire_frame_000155.jpg,data\ml_core\labels\train\seed_nopositive_fire_frame_000155.txt
seed_nopositive_fire_frame_000156.jpg,train,03_nopositive_fire_empty,nopositive_fire_empty,test-sparks-nopositives.mp4,156,6.5065,fire,1,data\ml_core\images\train\seed_nopositive_fire_frame_000156.jpg,data\ml_core\labels\train\seed_nopositive_fire_frame_000156.txt
seed_nopositive_fire_frame_000157.jpg,val,03_nopositive_fire_empty,nopositive_fire_empty,test-sparks-nopositives.mp4,157,6.548208,fire,1,data\ml_core\images\val\seed_nopositive_fire_frame_000157.jpg,data\ml_core\labels\val\seed_nopositive_fire_frame_000157.txt
seed_nopositive_fire_frame_000158.jpg,train,03_nopositive_fire_empty,nopositive_fire_empty,test-sparks-nopositives.mp4,158,6.589917,fire,1,data\ml_core\images\train\seed_nopositive_fire_frame_000158.jpg,data\ml_core\labels\train\seed_nopositive_fire_frame_000158.txt
seed_nopositive_fire_frame_000159.jpg,train,03_nopositive_fire_empty,nopositive_fire_empty,test-sparks-nopositives.mp4,159,6.631625,fire,1,data\ml_core\images\train\seed_nopositive_fire_frame_000159.jpg,data\ml_core\labels\train\seed_nopositive_fire_frame_000159.txt
seed_nopositive_fire_frame_000160.jpg,train,03_nopositive_fire_empty,nopositive_fire_empty,test-sparks-nopositives.mp4,160,6.673333,fire,1,data\ml_core\images\train\seed_nopositive_fire_frame_000160.jpg,data\ml_core\labels\train\seed_nopositive_fire_frame_000160.txt
seed_nopositive_fire_frame_000161.jpg,train,03_nopositive_fire_empty,nopositive_fire_empty,test-sparks-nopositives.mp4,161,6.715042,fire,1,data\ml_core\images\train\seed_nopositive_fire_frame_000161.jpg,data\ml_core\labels\train\seed_nopositive_fire_frame_000161.txt
seed_nopositive_fire_frame_000162.jpg,val,03_nopositive_fire_empty,nopositive_fire_empty,test-sparks-nopositives.mp4,162,6.75675,fire,1,data\ml_core\images\val\seed_nopositive_fire_frame_000162.jpg,data\ml_core\labels\val\seed_nopositive_fire_frame_000162.txt
seed_nopositive_fire_frame_000163.jpg,train,03_nopositive_fire_empty,nopositive_fire_empty,test-sparks-nopositives.mp4,163,6.798458,fire,1,data\ml_core\images\train\seed_nopositive_fire_frame_000163.jpg,data\ml_core\labels\train\seed_nopositive_fire_frame_000163.txt
seed_nopositive_fire_frame_000164.jpg,train,03_nopositive_fire_empty,nopositive_fire_empty,test-sparks-nopositives.mp4,164,6.840167,fire,1,data\ml_core\images\train\seed_nopositive_fire_frame_000164.jpg,data\ml_core\labels\train\seed_nopositive_fire_frame_000164.txt
seed_nopositive_fire_frame_000165.jpg,train,03_nopositive_fire_empty,nopositive_fire_empty,test-sparks-nopositives.mp4,165,6.881875,fire,1,data\ml_core\images\train\seed_nopositive_fire_frame_000165.jpg,data\ml_core\labels\train\seed_nopositive_fire_frame_000165.txt
seed_nopositive_fire_frame_000166.jpg,train,03_nopositive_fire_empty,nopositive_fire_empty,test-sparks-nopositives.mp4,166,6.923583,fire,1,data\ml_core\images\train\seed_nopositive_fire_frame_000166.jpg,data\ml_core\labels\train\seed_nopositive_fire_frame_000166.txt
seed_nopositive_fire_frame_000167.jpg,val,03_nopositive_fire_empty,nopositive_fire_empty,test-sparks-nopositives.mp4,167,6.965292,fire,1,data\ml_core\images\val\seed_nopositive_fire_frame_000167.jpg,data\ml_core\labels\val\seed_nopositive_fire_frame_000167.txt
seed_nopositive_fire_frame_000168.jpg,train,03_nopositive_fire_empty,nopositive_fire_empty,test-sparks-nopositives.mp4,168,7.007,fire,1,data\ml_core\images\train\seed_nopositive_fire_frame_000168.jpg,data\ml_core\labels\train\seed_nopositive_fire_frame_000168.txt
seed_nopositive_fire_frame_000169.jpg,train,03_nopositive_fire_empty,nopositive_fire_empty,test-sparks-nopositives.mp4,169,7.048708,fire,1,data\ml_core\images\train\seed_nopositive_fire_frame_000169.jpg,data\ml_core\labels\train\seed_nopositive_fire_frame_000169.txt
seed_nopositive_fire_frame_000170.jpg,train,03_nopositive_fire_empty,nopositive_fire_empty,test-sparks-nopositives.mp4,170,7.090417,fire,1,data\ml_core\images\train\seed_nopositive_fire_frame_000170.jpg,data\ml_core\labels\train\seed_nopositive_fire_frame_000170.txt
seed_nopositive_fire_frame_000171.jpg,train,03_nopositive_fire_empty,nopositive_fire_empty,test-sparks-nopositives.mp4,171,7.132125,fire,1,data\ml_core\images\train\seed_nopositive_fire_frame_000171.jpg,data\ml_core\labels\train\seed_nopositive_fire_frame_000171.txt
seed_nopositive_fire_frame_000172.jpg,val,03_nopositive_fire_empty,nopositive_fire_empty,test-sparks-nopositives.mp4,172,7.173833,fire,1,data\ml_core\images\val\seed_nopositive_fire_frame_000172.jpg,data\ml_core\labels\val\seed_nopositive_fire_frame_000172.txt
seed_nopositive_fire_frame_000173.jpg,train,03_nopositive_fire_empty,nopositive_fire_empty,test-sparks-nopositives.mp4,173,7.215542,fire,1,data\ml_core\images\train\seed_nopositive_fire_frame_000173.jpg,data\ml_core\labels\train\seed_nopositive_fire_frame_000173.txt
seed_nopositive_fire_frame_000174.jpg,train,03_nopositive_fire_empty,nopositive_fire_empty,test-sparks-nopositives.mp4,174,7.25725,fire,1,data\ml_core\images\train\seed_nopositive_fire_frame_000174.jpg,data\ml_core\labels\train\seed_nopositive_fire_frame_000174.txt
seed_nopositive_fire_frame_000175.jpg,train,03_nopositive_fire_empty,nopositive_fire_empty,test-sparks-nopositives.mp4,175,7.298958,fire,1,data\ml_core\images\train\seed_nopositive_fire_frame_000175.jpg,data\ml_core\labels\train\seed_nopositive_fire_frame_000175.txt
seed_nopositive_fire_frame_000176.jpg,train,03_nopositive_fire_empty,nopositive_fire_empty,test-sparks-nopositives.mp4,176,7.340667,fire,1,data\ml_core\images\train\seed_nopositive_fire_frame_000176.jpg,data\ml_core\labels\train\seed_nopositive_fire_frame_000176.txt
seed_nopositive_fire_frame_000177.jpg,val,03_nopositive_fire_empty,nopositive_fire_empty,test-sparks-nopositives.mp4,177,7.382375,fire,1,data\ml_core\images\val\seed_nopositive_fire_frame_000177.jpg,data\ml_core\labels\val\seed_nopositive_fire_frame_000177.txt
seed_nopositive_fire_frame_000178.jpg,train,03_nopositive_fire_empty,nopositive_fire_empty,test-sparks-nopositives.mp4,178,7.424083,fire,1,data\ml_core\images\train\seed_nopositive_fire_frame_000178.jpg,data\ml_core\labels\train\seed_nopositive_fire_frame_000178.txt
seed_nopositive_fire_frame_000179.jpg,train,03_nopositive_fire_empty,nopositive_fire_empty,test-sparks-nopositives.mp4,179,7.465792,fire,1,data\ml_core\images\train\seed_nopositive_fire_frame_000179.jpg,data\ml_core\labels\train\seed_nopositive_fire_frame_000179.txt
seed_nopositive_fire_frame_000180.jpg,train,03_nopositive_fire_empty,nopositive_fire_empty,test-sparks-nopositives.mp4,180,7.5075,fire,1,data\ml_core\images\train\seed_nopositive_fire_frame_000180.jpg,data\ml_core\labels\train\seed_nopositive_fire_frame_000180.txt
seed_nopositive_fire_frame_000181.jpg,train,03_nopositive_fire_empty,nopositive_fire_empty,test-sparks-nopositives.mp4,181,7.549208,fire,1,data\ml_core\images\train\seed_nopositive_fire_frame_000181.jpg,data\ml_core\labels\train\seed_nopositive_fire_frame_000181.txt
seed_nopositive_fire_frame_000230.jpg,train,03_nopositive_fire_empty,nopositive_fire_empty,test-sparks-nopositives.mp4,230,9.592917,fire,1,data\ml_core\images\train\seed_nopositive_fire_frame_000230.jpg,data\ml_core\labels\train\seed_nopositive_fire_frame_000230.txt
seed_nopositive_fire_frame_000231.jpg,train,03_nopositive_fire_empty,nopositive_fire_empty,test-sparks-nopositives.mp4,231,9.634625,fire,1,data\ml_core\images\train\seed_nopositive_fire_frame_000231.jpg,data\ml_core\labels\train\seed_nopositive_fire_frame_000231.txt
seed_nopositive_fire_frame_000232.jpg,val,03_nopositive_fire_empty,nopositive_fire_empty,test-sparks-nopositives.mp4,232,9.676333,fire,1,data\ml_core\images\val\seed_nopositive_fire_frame_000232.jpg,data\ml_core\labels\val\seed_nopositive_fire_frame_000232.txt
seed_nopositive_fire_frame_000233.jpg,train,03_nopositive_fire_empty,nopositive_fire_empty,test-sparks-nopositives.mp4,233,9.718042,fire,1,data\ml_core\images\train\seed_nopositive_fire_frame_000233.jpg,data\ml_core\labels\train\seed_nopositive_fire_frame_000233.txt
seed_nopositive_fire_frame_000234.jpg,train,03_nopositive_fire_empty,nopositive_fire_empty,test-sparks-nopositives.mp4,234,9.75975,fire,1,data\ml_core\images\train\seed_nopositive_fire_frame_000234.jpg,data\ml_core\labels\train\seed_nopositive_fire_frame_000234.txt
seed_nopositive_fire_frame_000235.jpg,train,03_nopositive_fire_empty,nopositive_fire_empty,test-sparks-nopositives.mp4,235,9.801458,fire,1,data\ml_core\images\train\seed_nopositive_fire_frame_000235.jpg,data\ml_core\labels\train\seed_nopositive_fire_frame_000235.txt
seed_nopositive_fire_frame_000236.jpg,train,03_nopositive_fire_empty,nopositive_fire_empty,test-sparks-nopositives.mp4,236,9.843167,fire,1,data\ml_core\images\train\seed_nopositive_fire_frame_000236.jpg,data\ml_core\labels\train\seed_nopositive_fire_frame_000236.txt
seed_nopositive_fire_frame_000237.jpg,val,03_nopositive_fire_empty,nopositive_fire_empty,test-sparks-nopositives.mp4,237,9.884875,fire,1,data\ml_core\images\val\seed_nopositive_fire_frame_000237.jpg,data\ml_core\labels\val\seed_nopositive_fire_frame_000237.txt
seed_nopositive_fire_frame_000238.jpg,train,03_nopositive_fire_empty,nopositive_fire_empty,test-sparks-nopositives.mp4,238,9.926583,fire,1,data\ml_core\images\train\seed_nopositive_fire_frame_000238.jpg,data\ml_core\labels\train\seed_nopositive_fire_frame_000238.txt
seed_nopositive_fire_frame_000239.jpg,train,03_nopositive_fire_empty,nopositive_fire_empty,test-sparks-nopositives.mp4,239,9.968292,fire,1,data\ml_core\images\train\seed_nopositive_fire_frame_000239.jpg,data\ml_core\labels\train\seed_nopositive_fire_frame_000239.txt
seed_nopositive_fire_frame_000240.jpg,train,03_nopositive_fire_empty,nopositive_fire_empty,test-sparks-nopositives.mp4,240,10.01,fire,1,data\ml_core\images\train\seed_nopositive_fire_frame_000240.jpg,data\ml_core\labels\train\seed_nopositive_fire_frame_000240.txt
seed_nopositive_fire_frame_000241.jpg,train,03_nopositive_fire_empty,nopositive_fire_empty,test-sparks-nopositives.mp4,241,10.051708,fire,1,data\ml_core\images\train\seed_nopositive_fire_frame_000241.jpg,data\ml_core\labels\train\seed_nopositive_fire_frame_000241.txt
